Species,Family,other_names,repro_all,Arboreal,Insular,elev,temp,prec,mountain,topo.complex,female.svl,rates,AndesRegion,AndesMount,herbivory
Callisaurus_draconoides,Phrynosomatidae,,Oviparous,no,no,501,20.5,170,no,2.641753912,67.9,0.042265332,0,no,no
Cophosaurus_texanus,Phrynosomatidae,,Oviparous,no,no,976.5,18.3,368,yes,4.70931983,55.9,0.042265332,0,no,no
Holbrookia_elegans,Phrynosomatidae,,Oviparous,no,no,916,19.3,436,yes,3.229882002,54,0.071884859,0,no,no
Holbrookia_lacerata,Phrynosomatidae,,Oviparous,no,no,566,18.5,575,no,0.750934124,,0.050376988,0,no,no
Holbrookia_maculata,Phrynosomatidae,,Oviparous,no,no,1330,15,364,yes,1.502037287,54.2,0.094705052,0,no,no
Holbrookia_propinqua,Phrynosomatidae,,Oviparous,no,no,7,22.3,746,no,0.318653852,51.7,0.096606589,0,no,no
Petrosaurus_mearnsi,Phrynosomatidae,,Oviparous,no,no,598,17.9,253,no,12.78931427,76,0.036530084,0,no,no
Petrosaurus_repens,Phrynosomatidae,,Oviparous,no,no,351.5,21.5,144,no,9.68605423,,0.069605986,0,no,no
Petrosaurus_thalassinus,Phrynosomatidae,,Oviparous,no,no,362.5,21.8,392.5,no,11.21493435,94.6,0.068510914,0,no,no
Phrynosoma_asio,Phrynosomatidae,,Oviparous,no,no,315,26.25,848,no,6.073572159,101.5,0.033479351,0,no,no
Phrynosoma_blainvillii,Phrynosomatidae,,Oviparous,no,no,509,15.1,416,no,10.15026569,78.2,0.123584936,0,no,no
Phrynosoma_braconnieri,Phrynosomatidae,,Viviparous,no,no,2035.5,16.6,748,yes,10.35421181,66.2,0.058677282,0,no,no
Phrynosoma_cerroense,Phrynosomatidae,,Oviparous,no,no,73,19.2,141,no,2.175443649,72.3,0.220100076,0,no,
Phrynosoma_cornutum,Phrynosomatidae,,Oviparous,no,no,806,16.7,474,yes,1.407722294,79.5,0.033479351,0,no,no
Phrynosoma_coronatum,Phrynosomatidae,,Oviparous,no,no,358.5,16.4,356,no,4.292983294,81.4,0.081615158,0,no,no
Phrynosoma_ditmarsi,Phrynosomatidae,,Viviparous,no,no,1344,17.7,507,yes,6.56145525,71.3,0.112996455,0,no,no
Phrynosoma_douglasii,Phrynosomatidae,,Viviparous,no,no,1533.5,8.1,385.5,yes,4.033020735,71.5,0.086296528,0,no,no
Phrynosoma_goodei,Phrynosomatidae,,Oviparous,no,no,107,22.2,103,no,1.028285354,,0.102048695,0,no,no
Phrynosoma_hernandesi,Phrynosomatidae,,Viviparous,no,no,2051,8.5,434.5,yes,7.077539444,76.9,0.112996455,0,no,no
Phrynosoma_mcallii,Phrynosomatidae,,Oviparous,no,no,61.5,22.3,98,no,1.147203565,69,0.060755106,0,no,no
Phrynosoma_modestum,Phrynosomatidae,,Oviparous,no,no,1352,16.3,304,yes,2.608477116,58.2,0.051083871,0,no,no
Phrynosoma_orbiculare,Phrynosomatidae,,Viviparous,no,no,2476,14.1,776,yes,7.833436012,71.6,0.063654073,0,no,no
Phrynosoma_platyrhinos,Phrynosomatidae,,Oviparous,no,no,930.5,16.7,167,yes,3.210381746,79.9,0.102048695,0,no,no
Phrynosoma_sherbrookei,Phrynosomatidae,,Viviparous,no,no,1574.5,22.25,905,yes,27.23789883,52.4,0.099588764,0,no,no
Phrynosoma_solare,Phrynosomatidae,,Oviparous,no,no,734.5,20.2,344,yes,2.31706214,96.2,0.05237654,0,no,no
Phrynosoma_taurus,Phrynosomatidae,,Viviparous,no,no,1362,21.7,559,yes,10.06607819,70,0.099588764,0,no,no
Sceloporus_adleri,Phrynosomatidae,,Viviparous,no,no,2444.5,16.7,1658.5,yes,23.47290707,61.8,0.196867787,0,no,no
Sceloporus_aeneus,Phrynosomatidae,,Oviparous,no,no,2797,12.4,1048,yes,12.20153809,48.7,0.090110886,0,no,no
Sceloporus_angustus,Phrynosomatidae,,Oviparous,no,yes,,,,,,63.8,0.056938521,0,,no
Sceloporus_arenicolus,Phrynosomatidae,,Oviparous,no,no,1201,15,368,yes,0.663725197,53.9,0.083845614,0,no,no
Sceloporus_aureolus,Phrynosomatidae,,Viviparous,no,no,2163,15.4,778,yes,12.5712204,,0.102654185,0,no,
Sceloporus_bicanthalis,Phrynosomatidae,,Viviparous,no,no,2624.5,12.2,1000.5,yes,10.36973,49.5,0.088438744,0,no,no
Sceloporus_bulleri,Phrynosomatidae,,Viviparous,no,no,1531,19.2,1220,yes,17.8933754,86.7,0.10880936,0,no,
Sceloporus_caeruleus,Phrynosomatidae,,,no,no,,,,,,,0.130162258,0,,
Sceloporus_carinatus,Phrynosomatidae,,Oviparous,no,no,830.5,23.3,1045.5,yes,6.597544193,,0.046605796,0,no,
Sceloporus_cautus,Phrynosomatidae,,Oviparous,no,no,1884.5,18.1,404.5,yes,2.073213935,77,0.191497003,0,no,no
Sceloporus_chaneyi,Phrynosomatidae,,Oviparous,no,no,2447,14.9,707.5,yes,19.10128689,,0.131923741,0,no,
Sceloporus_chrysostictus,Phrynosomatidae,,Oviparous,no,no,13,25.7,1138,no,0.424073994,51.3,0.051588723,0,no,no
Sceloporus_clarkii,Phrynosomatidae,,Oviparous,yes,no,1201,16.6,438,yes,5.562664986,92.3,0.055568075,0,no,no
Sceloporus_consobrinus,Phrynosomatidae,,Oviparous,no,no,404,15.1,798.5,no,3.40863955,60.6,0.241635442,0,no,no
Sceloporus_couchii,Phrynosomatidae,,Oviparous,no,no,735,20.9,445,yes,20.21826935,50,0.044206308,0,no,no
Sceloporus_cowlesi,Phrynosomatidae,,Oviparous,no,no,1600,13.5,338,yes,3.579580307,62.2,0.243436202,0,no,no
Sceloporus_cozumelae,Phrynosomatidae,,Oviparous,no,no,3,25.7,709.5,no,0.720944822,45.5,0.114337989,0,no,no
Sceloporus_cryptus,Phrynosomatidae,,Viviparous,yes,no,2769,12.5,1790,yes,30.03576469,67.1,0.172799542,0,no,
Sceloporus_cyanogenys,Phrynosomatidae,,Viviparous,no,no,199.5,22.7,560,no,1.372909188,106.3,0.298632733,0,no,no
Sceloporus_dugesii,Phrynosomatidae,,Viviparous,no,no,1890.5,17.8,830,yes,5.363333941,61.5,0.089251624,0,no,no
Sceloporus_edwardtaylori,Phrynosomatidae,,Oviparous,yes,no,84,27.05,864.5,no,4.378746271,,0.092254688,0,no,
Sceloporus_formosus,Phrynosomatidae,,Viviparous,no,no,2201.5,15.55,1286.5,yes,20.08525753,69.7,0.113908349,0,no,
Sceloporus_gadoviae,Phrynosomatidae,,Oviparous,no,no,1167,23.5,800.5,yes,13.05963802,52.2,0.049603703,0,no,no
Sceloporus_goldmani,Phrynosomatidae,,Oviparous,no,no,2063,17.4,427,yes,3.201385021,,0.23358199,0,no,no
Sceloporus_graciosus,Phrynosomatidae,,Oviparous,no,no,1862,8.3,519,yes,11.87048244,55,0.078447231,0,no,no
Sceloporus_grammicus,Phrynosomatidae,,Viviparous,yes,no,2342,15,846.5,yes,8.650731564,49.7,0.074633876,0,no,no
Sceloporus_grandaevus,Phrynosomatidae,,Oviparous,no,yes,217.5,22.35,303.5,no,23.91046333,58.5,0.059166851,0,no,no
Sceloporus_heterolepis,Phrynosomatidae,,Viviparous,yes,no,1934,16.5,1068,yes,15.59252357,55.2,0.103171094,0,no,
Sceloporus_horridus,Phrynosomatidae,,Oviparous,yes,no,1342,22.1,894,yes,7.573882103,84.1,0.139813883,0,no,no
Sceloporus_hunsakeri,Phrynosomatidae,,Oviparous,no,no,357,21.9,381,no,10.49245358,64.1,0.07390668,0,no,no
Sceloporus_insignis,Phrynosomatidae,,Viviparous,no,no,1927,17.55,1075,yes,13.86680651,77,0.078210601,0,no,
Sceloporus_jalapae,Phrynosomatidae,,Oviparous,no,no,1898,17.7,581,yes,8.935799599,47,0.052379551,0,no,no
Sceloporus_jarrovii,Phrynosomatidae,,Viviparous,no,no,1929,13.1,560,yes,17.00679874,73.4,0.088319511,0,no,no
Sceloporus_licki,Phrynosomatidae,,Oviparous,no,no,485,21.4,417,no,11.94091225,63.8,0.089530674,0,no,no
Sceloporus_lineatulus,Phrynosomatidae,,Oviparous,no,yes,187,16.2,290,no,8.931141853,,0.104992483,0,no,
Sceloporus_lundelli,Phrynosomatidae,,Viviparous,yes,no,13,25.7,1173,no,0.335707664,94.7,0.11054434,0,no,no
Sceloporus_macdougalli,Phrynosomatidae,,Viviparous,no,no,95,27.6,557,no,13.93721676,77.5,0.140053202,0,no,no
Sceloporus_maculosus,Phrynosomatidae,,Oviparous,no,no,1340,20.9,272.5,yes,9.026447773,,0.054655344,0,no,
Sceloporus_magister,Phrynosomatidae,,Oviparous,no,no,751.5,19.6,241,yes,2.731026888,93.3,0.063306557,0,no,no
Sceloporus_malachiticus,Phrynosomatidae,,Viviparous,no,no,1703,17.3,2480,yes,15.77111053,70.2,0.126389354,0,no,no
Sceloporus_megalepidurus,Phrynosomatidae,,Viviparous,no,no,2369,14.6,603,yes,6.164480686,46.4,0.072343588,0,no,no
Sceloporus_melanorhinus,Phrynosomatidae,,Oviparous,yes,no,346,25.6,1009,no,6.814278603,87.6,0.061991939,0,no,no
Sceloporus_merriami,Phrynosomatidae,,Oviparous,no,no,787.5,20,342,yes,5.801048279,47.7,0.035247734,0,no,no
Sceloporus_minor,Phrynosomatidae,,Viviparous,no,no,2038,17.3,545,yes,16.06023455,72,0.224298098,0,no,no
Sceloporus_mucronatus,Phrynosomatidae,,Viviparous,no,no,2429.5,14.2,903,yes,11.2010541,81.9,0.140366104,0,no,no
Sceloporus_nelsoni,Phrynosomatidae,,Oviparous,no,no,265,24.5,789,no,6.733000278,54.3,0.04825705,0,no,no
Sceloporus_occidentalis,Phrynosomatidae,,Oviparous,no,no,214,15.9,446,no,7.677143574,72.9,0.088605857,0,no,no
Sceloporus_ochoterenae,Phrynosomatidae,,Oviparous,no,no,1296,23.35,843.5,yes,15.10136271,45.3,0.051293957,0,no,
Sceloporus_olivaceus,Phrynosomatidae,,Oviparous,yes,no,206,19.2,825,no,2.084326506,90.9,0.058848435,0,no,no
Sceloporus_orcutti,Phrynosomatidae,,Oviparous,no,no,483,17.2,331,no,9.90950489,90.9,0.091845324,0,no,no
Sceloporus_ornatus,Phrynosomatidae,,Viviparous,no,no,1289,19.7,304,yes,3.933772802,62.4,0.224280515,0,no,
Sceloporus_palaciosi,Phrynosomatidae,,Viviparous,no,no,3031,11.7,1162,yes,14.13550663,46.6,0.105253998,0,no,
Sceloporus_parvus,Phrynosomatidae,,Oviparous,no,no,1839,17.7,516,yes,13.28151512,44.4,0.04198531,0,no,no
Sceloporus_poinsettii,Phrynosomatidae,,Viviparous,no,no,1534,16.4,402,yes,7.908842564,97.4,0.114316286,0,no,no
Sceloporus_pyrocephalus,Phrynosomatidae,,Oviparous,no,no,403.5,26.4,926.5,no,6.299085617,53.6,0.034268217,0,no,no
Sceloporus_samcolemani,Phrynosomatidae,,Oviparous,no,no,2264,15.2,512,yes,7.912017345,51,0.230849786,0,no,no
Sceloporus_scalaris,Phrynosomatidae,,Oviparous,no,no,2215,15.2,745,yes,7.170707703,55.2,0.140138912,0,no,no
Sceloporus_serrifer,Phrynosomatidae,,Viviparous,no,no,179,23.9,988,no,1.874395549,91.4,0.296773339,0,no,no
Sceloporus_siniferus,Phrynosomatidae,,Oviparous,no,no,96,26.9,980.5,no,5.440040112,49.1,0.068008907,0,no,no
Sceloporus_slevini,Phrynosomatidae,,Oviparous,no,no,2061,13.6,552,yes,7.159144878,48.5,0.141671601,0,no,no
Sceloporus_smaragdinus,Phrynosomatidae,,Viviparous,no,no,2356,14.8,1556,yes,23.98881149,62.2,0.203334551,0,no,
Sceloporus_smithi,Phrynosomatidae,,Oviparous,no,no,313,25.9,707,no,14.7867918,,0.118755329,0,no,
Sceloporus_spinosus,Phrynosomatidae,,Oviparous,no,no,1984,17.5,590,yes,5.115785122,82.3,0.138353549,0,no,no
Sceloporus_squamosus,Phrynosomatidae,,Oviparous,no,no,521,24.4,1842,no,7.688963413,49,0.072113439,0,no,no
Sceloporus_stejnegeri,Phrynosomatidae,,Viviparous,no,no,341,27.7,1335,no,19.94039917,83,0.209116649,0,no,no
Sceloporus_subpictus,Phrynosomatidae,,Viviparous,no,no,2468,15.4,1300,yes,13.2489357,66.5,0.174369253,0,no,
Sceloporus_taeniocnemis,Phrynosomatidae,,Viviparous,no,no,2148,15.1,1224.5,yes,13.6296463,68.7,0.207022009,0,no,
Sceloporus_teapensis,Phrynosomatidae,,Oviparous,no,no,220,24.8,2153,no,7.001431942,52,0.069292789,0,no,no
Sceloporus_torquatus,Phrynosomatidae,,Viviparous,no,no,2245,15.8,799,yes,6.238888741,91.4,0.113841595,0,no,no
Sceloporus_tristichus,Phrynosomatidae,,Oviparous,no,no,1799,10,350,yes,7.89311552,63.9,0.193729719,0,no,no
Sceloporus_undulatus,Phrynosomatidae,,Oviparous,no,no,214,14.4,1147,no,3.045113564,62.5,0.194203754,0,no,no
Sceloporus_utiformis,Phrynosomatidae,,Oviparous,no,no,780,23.5,1005,yes,9.474401951,61.8,0.040099293,0,no,no
Sceloporus_variabilis,Phrynosomatidae,,Oviparous,no,no,315,22.9,1106.5,no,3.608988762,54.2,0.08919045,0,no,no
Sceloporus_virgatus,Phrynosomatidae,,Oviparous,no,no,1802,13,516.5,yes,16.13293839,55,0.078064192,0,no,no
Sceloporus_woodi,Phrynosomatidae,,Oviparous,no,no,29,22.3,1254,no,1.032648325,55,0.110008895,0,no,no
Sceloporus_zosteromus,Phrynosomatidae,,Oviparous,no,no,88,21.1,194.5,no,2.853010893,67.7,0.109812087,0,no,no
Uma_exsul,Phrynosomatidae,,Oviparous,no,no,1101,21.3,175,yes,0.165035099,65.3,0.057786453,0,no,no
Uma_inornata,Phrynosomatidae,,Oviparous,no,no,197,21.8,132,no,1.887869596,67.1,0.203899428,0,no,no
Uma_notata,Phrynosomatidae,,Oviparous,no,no,63,22.5,66,no,1.359340549,79.5,0.203899428,0,no,no
Uma_paraphygas,Phrynosomatidae,,Oviparous,no,no,1123,18.9,307,yes,0.808082938,63,0.057786453,0,no,no
Uma_scoparia,Phrynosomatidae,,Oviparous,no,no,676,19.8,119,yes,3.098056197,86.7,0.059041591,0,no,no
Urosaurus_auriculatus,Phrynosomatidae,,Oviparous,no,yes,360,23.3,332,no,20.5120182,47.8,0.143339122,0,no,no
Urosaurus_bicarinatus,Phrynosomatidae,,Oviparous,yes,no,871.5,23.9,883,yes,7.212870121,44.6,0.044665231,0,no,no
Urosaurus_clarionensis,Phrynosomatidae,,Oviparous,no,yes,60,23.1,169,no,2.590209514,52,0.140285502,0,no,no
Urosaurus_gadovi,Phrynosomatidae,,Oviparous,yes,no,337,28.4,718,no,4.502044916,40.2,0.044494149,0,no,
Urosaurus_graciosus,Phrynosomatidae,,Oviparous,yes,no,205,21.8,109,no,1.743408799,50.9,0.055987563,0,no,no
Urosaurus_lahtelai,Phrynosomatidae,,Oviparous,no,no,557,18.1,115.5,no,3.753603816,40.7,0.054767408,0,no,yes
Urosaurus_nigricaudus,Phrynosomatidae,Urosaurus_nigricaudus,Oviparous,no,no,255,21.6,219,no,5.31682086,44.4,0.05436382,0,no,no
Urosaurus_ornatus,Phrynosomatidae,,Oviparous,no,no,1186.5,16.7,365,yes,5.520713806,46.2,0.080121245,0,no,no
Uta_palmeri,Phrynosomatidae,,Oviparous,no,yes,20,19.1,172,no,0.530052423,63.2,0.100670038,0,no,no
Uta_squamata,Phrynosomatidae,,Oviparous,no,yes,589,20.8,315,no,28.0556221,47.1,0.06918449,0,no,no
Uta_stansburiana,Phrynosomatidae,,Oviparous,no,no,682,16.7,271,yes,5.48570919,45.9,0.102356391,0,no,no
Amblyrhynchus_cristatus,Iguanidae,,Oviparous,no,yes,115,23,570,no,2.978417754,320,0.069677021,0,no,yes
Brachylophus_fasciatus,Iguanidae,,Oviparous,yes,yes,,,,,,161,0.075784208,0,,yes
Brachylophus_vitiensis,Iguanidae,,Oviparous,yes,yes,,,,,,204.5,0.077830007,0,,yes
Conolophus_marthae,Iguanidae,,Oviparous,no,yes,,,,,,,0.105597762,0,,
Conolophus_pallidus,Iguanidae,,Oviparous,no,yes,,,,,,333.8,0.196302324,0,,yes
Conolophus_subcristatus,Iguanidae,,Oviparous,no,yes,115,23.1,580,no,3.23900938,382.5,0.196302324,0,no,yes
Ctenosaura_acanthura,Iguanidae,,Oviparous,no,no,39,25,1206,no,1.857284069,,0.225757749,0,no,yes
Ctenosaura_bakeri,Iguanidae,,Oviparous,yes,yes,,,,,,192.6,0.55716288,0,,yes
Ctenosaura_flavidorsalis,Iguanidae,,Oviparous,no,no,660,23.3,1872,yes,7.585448742,128.7,0.471903267,0,no,
Ctenosaura_hemilopha,Iguanidae,,Oviparous,no,no,132,23.4,327,no,3.940477729,173,0.14446774,0,no,yes
Ctenosaura_melanosterna,Iguanidae,,Oviparous,no,no,340.5,24.85,1416,no,8.283478796,201.6,0.555804902,0,no,yes
Ctenosaura_oaxacana,Iguanidae,,Oviparous,yes,no,62,27,860,no,2.379939318,,0.504569842,0,no,yes
Ctenosaura_oedirhina,Iguanidae,,Oviparous,no,yes,0,26.4,2160,no,7.728283882,201.8,0.350366323,0,no,yes
Ctenosaura_palearis,Iguanidae,,Oviparous,yes,no,311,26.4,845,no,8.56443882,175,0.497829401,0,no,yes
Ctenosaura_pectinata,Iguanidae,,Oviparous,no,no,133,24.9,888,no,4.181051731,279.6,0.246904076,0,no,yes
Ctenosaura_quinquecarinata,Iguanidae,,Oviparous,no,no,135,27.1,858,no,5.033397675,127,0.520882177,0,no,no
Ctenosaura_similis,Iguanidae,,Oviparous,no,no,12,25.9,1280,no,1.394456267,305,0.143381099,1,no,yes
Cyclura_carinata,Iguanidae,,Oviparous,no,yes,27,25.6,1090.5,no,2.468304276,228.6,0.170369566,0,no,yes
Cyclura_collei,Iguanidae,,Oviparous,no,yes,317.5,24,2401,no,11.72598779,389,0.097461103,0,no,yes
Cyclura_cornuta,Iguanidae,,Oviparous,no,yes,40,26.5,884,no,2.494404316,471.5,0.099216643,0,no,yes
Cyclura_cychlura,Iguanidae,,Oviparous,no,yes,6.5,25.1,1071.5,no,0.73031354,336,0.269104469,0,no,yes
Cyclura_nubila,Iguanidae,,Oviparous,no,yes,46,25.7,1126,no,2.468364239,352.5,0.271593425,0,no,yes
Cyclura_pinguis,Iguanidae,,Oviparous,no,yes,,,,,,457,0.052915983,0,,yes
Cyclura_ricordi,Iguanidae,,Oviparous,no,yes,1,27.7,637,no,3.222012997,340,0.165223619,0,no,yes
Cyclura_rileyi,Iguanidae,,Oviparous,no,yes,6,25.6,1054,no,0.704475313,230,0.159564791,0,no,yes
Dipsosaurus_dorsalis,Iguanidae,,Oviparous,no,no,246,21.5,130,no,2.137669563,114,0.0259817,0,no,yes
Iguana_delicatissima,Iguanidae,,Oviparous,no,yes,65,25.4,2048,no,10.05129194,353,0.0812644,0,no,yes
Iguana_iguana,Iguanidae,,Oviparous,yes,no,15,25.4,1498,no,1.646815538,318.4,0.0812644,0,no,yes
Sauromalus_ater,Iguanidae,,Oviparous,no,no,602,19.5,165,yes,8.091283798,165,0.210012555,0,no,yes
Sauromalus_hispidus,Iguanidae,,Oviparous,no,yes,266,20.75,101.5,no,16.87145805,269,0.350178987,0,no,yes
Sauromalus_klauberi,Iguanidae,,,no,yes,,,,,,,0.126855507,0,,yes
Sauromalus_varius,Iguanidae,,Oviparous,no,yes,243,22.75,405,no,2.058033705,299.5,0.35243786,0,no,yes
Anolis_acutus,Dactyloidae,,Oviparous,no,yes,38,26.3,1090,no,3.190888882,43.1,0.041159229,0,no,no
Anolis_aeneus,Dactyloidae,,Oviparous,yes,yes,26,26.1,1760,no,2.018389463,46.5,0.079594126,0,no,no
Anolis_aequatorialis,Dactyloidae,,Oviparous,yes,no,1671,17.6,2345,yes,23.6355114,81.8,0.072556153,1,yes,no
Anolis_agassizi,Dactyloidae,,Oviparous,no,yes,,,,,,77.1,0.041873931,0,,no
Anolis_ahli,Dactyloidae,,,no,yes,538.5,22.1,1768.5,no,11.07339859,45.1,0.093340364,0,no,
Anolis_alayoni,Dactyloidae,,,yes,yes,396,23.3,1499,no,6.573327065,37.8,0.047703813,0,no,
Anolis_alfaroi,Dactyloidae,,,yes,yes,543,21.75,1512.5,no,15.36522055,30.5,0.063556742,0,no,
Anolis_aliniger,Dactyloidae,,Oviparous,yes,yes,1024,19.4,1228,yes,10.97254944,,0.053422105,0,no,no
Anolis_allisoni,Dactyloidae,,Oviparous,yes,no,20,25.4,1308,no,1.176894426,56.6,0.086672347,0,no,no
Anolis_allogus,Dactyloidae,,Oviparous,no,yes,142,24.6,1534,no,9.6448946,42.2,0.088659813,0,no,no
Anolis_altae,Dactyloidae,,,no,no,1544,18.4,2986,yes,16.53479958,45.6,0.158546756,0,no,
Anolis_altitudinalis,Dactyloidae,,Oviparous,no,yes,1081.5,20.75,1675.5,yes,39.08832932,48.2,0.088868252,0,no,
Anolis_alumina,Dactyloidae,,Oviparous,yes,yes,161,25.6,1148,no,10.49660158,,0.037433678,0,no,
Anolis_alutaceus,Dactyloidae,,Oviparous,no,yes,399,22.65,1543.5,no,11.41827011,33.6,0.064362858,0,no,no
Anolis_anatoloros,Dactyloidae,,,yes,no,1358.5,19.5,1422.5,yes,36.6127224,,0.082296386,0,no,
Anolis_angusticeps,Dactyloidae,,Oviparous,yes,yes,43,25.1,1341,no,1.70913887,38,0.062866431,0,no,no
Anolis_annectens,Dactyloidae,,,no,no,243,26.1,1010,no,9.054145813,,0.065984687,0,no,no
Anolis_anoriensis,Dactyloidae,,,yes,no,1663,19.6,3286,yes,14.74356174,78.4,0.071757408,1,yes,no
Anolis_aquaticus,Dactyloidae,,Oviparous,no,no,772,22.3,3373,yes,12.94004393,59.1,0.058186696,0,no,no
Anolis_argenteolus,Dactyloidae,,Oviparous,yes,yes,36,25.8,1174,no,11.19649887,46.6,0.035232912,0,no,no
Anolis_argillaceus,Dactyloidae,,Oviparous,yes,yes,73,25.55,1487,no,6.573327065,35.2,0.099017521,0,no,
Anolis_armouri,Dactyloidae,,Oviparous,no,yes,1758.5,14.65,1628.5,yes,11.03454208,44.4,0.073348474,0,no,no
Anolis_auratus,Dactyloidae,,Oviparous,no,no,136.5,27,1934,no,2.973599672,47.7,0.04537757,0,no,no
Anolis_bahorucoensis,Dactyloidae,,Oviparous,no,yes,933,20.3,1613,yes,14.03260517,37.3,0.04792152,0,no,no
Anolis_baleatus,Dactyloidae,,Oviparous,yes,yes,166,25.4,1503.5,no,6.240003586,139.5,0.119464407,0,no,
Anolis_baracoae,Dactyloidae,,Oviparous,yes,yes,46,25.6,1894,no,9.396420956,116.2,0.088528318,0,no,no
Anolis_barahonae,Dactyloidae,,Oviparous,yes,yes,515.5,22.8,1617,no,16.37659693,143.5,0.119855964,0,no,no
Anolis_barbatus,Dactyloidae,,Oviparous,yes,yes,228,23.6,1583,no,20.22022438,122.7,0.049861325,0,no,yes
Anolis_barbouri,Dactyloidae,,Oviparous,no,yes,909.5,20.3,1585.5,yes,17.36431313,45.5,0.023553249,0,no,no
Anolis_bartschi,Dactyloidae,,Oviparous,no,yes,132,24.3,1548.5,no,6.027338028,59.1,0.031467436,0,no,no
Anolis_benedikti,Dactyloidae,,,no,no,1956,15.6,2479,yes,16.84321213,42.5,0.093775342,0,no,
Anolis_bicaorum,Dactyloidae,,Oviparous,yes,yes,,,,,,61.4,0.113201088,0,,no
Anolis_bimaculatus,Dactyloidae,,Oviparous,no,yes,195,25.2,1519,no,10.73949051,61,0.062968899,0,no,no
Anolis_biporcatus,Dactyloidae,,Oviparous,yes,no,315,24.9,2596,no,8.579368114,88.4,0.047095546,1,no,no
Anolis_bitectus,Dactyloidae,,Oviparous,yes,no,78,24.95,2061.5,no,1.871367216,52.2,0.043003515,1,no,
Anolis_bombiceps,Dactyloidae,,Oviparous,no,no,131,26.3,2769,no,2.10063684,63,0.063552648,0,no,
Anolis_bonairensis,Dactyloidae,,Oviparous,yes,yes,10,27.6,461,no,1.225250959,54.6,0.034845051,1,no,no
Anolis_boulengerianus,Dactyloidae,,Oviparous,no,no,161,26.5,771,no,6.975217342,50.4,0.145918781,0,no,
Anolis_brasiliensis,Dactyloidae,,Oviparous,no,no,288,25.95,1718,no,3.069562316,63.1,0.081818401,0,no,no
Anolis_bremeri,Dactyloidae,,Oviparous,yes,yes,26,25.2,1419,no,1.350494742,45,0.085442736,0,no,no
Anolis_brevirostris,Dactyloidae,,Oviparous,yes,yes,152,25.7,1040,no,5.683247566,42,0.051537088,0,no,no
Anolis_brunneus,Dactyloidae,,,yes,yes,5.5,26.2,846.5,no,0.673346266,,0.074805999,0,no,no
Anolis_calimae,Dactyloidae,,Oviparous,yes,no,1617,20.5,1857,yes,12.72232723,56.5,0.036426327,1,yes,
Anolis_capito,Dactyloidae,,Oviparous,no,no,223,25.3,3080.5,no,9.166324139,85,0.058086572,0,no,no
Anolis_carlliebi,Dactyloidae,,Oviparous,no,no,2008,15.4,986,yes,16.43307304,45.5,0.060487368,0,no,no
Anolis_carolinensis,Dactyloidae,,Oviparous,yes,no,67,19.5,1218,no,1.431031525,49.3,0.075771157,0,no,no
Anolis_carpenteri,Dactyloidae,,Oviparous,no,no,63,25.9,3949,no,4.030977249,39.9,0.059787027,0,no,no
Anolis_casildae,Dactyloidae,,,yes,no,1272,19.8,2731,yes,22.49554634,,0.062481785,0,no,no
Anolis_caudalis,Dactyloidae,,,yes,yes,93,26.2,1146,no,7.519847393,,0.071010181,0,no,
Anolis_centralis,Dactyloidae,,Oviparous,yes,yes,57.5,26.05,879.5,no,6.444300175,34.5,0.096896907,0,no,no
Anolis_chamaeleonides,Dactyloidae,,Oviparous,yes,yes,81,24.95,1407,no,2.420650959,151,0.128192877,0,no,no
Anolis_chloris,Dactyloidae,,,yes,no,341,24.6,3362,no,8.438796043,58,0.05021498,1,no,no
Anolis_chlorocyanus,Dactyloidae,,Oviparous,yes,yes,156.5,25.2,1446.5,no,5.216892242,53.1,0.049363623,0,no,no
Anolis_christophei,Dactyloidae,,Oviparous,yes,yes,790,21.1,1381,yes,16.09851074,43.4,0.037365247,0,no,no
Anolis_chrysolepis,Dactyloidae,,Oviparous,no,no,233,25.8,2583.5,no,3.458772063,56,0.169087877,0,no,no
Anolis_chrysops,Dactyloidae,,,no,yes,,,,,,47,0.211825233,0,,
Anolis_clivicola,Dactyloidae,,Oviparous,yes,yes,737.5,22,1664.5,yes,16.01652002,39.6,0.064636464,0,no,
Anolis_confusus,Dactyloidae,,,yes,yes,,,,,,39.6,0.07733713,0,,
Anolis_conspersus,Dactyloidae,,Oviparous,no,yes,7,26.5,1376,no,0.586168915,41.6,0.142471059,0,no,no
Anolis_cooki,Dactyloidae,,Oviparous,no,yes,18,26.2,829,no,4.830456257,45,0.05300125,0,no,no
Anolis_crassulus,Dactyloidae,,Oviparous,no,no,2013,16.5,1423,yes,13.17771864,46.4,0.044337168,0,no,
Anolis_cristatellus,Dactyloidae,,Oviparous,no,yes,14,24.2,1321,no,1.324389994,50.9,0.080407844,0,no,no
Anolis_cupeyalensis,Dactyloidae,,,yes,yes,193.5,24.9,1378,no,15.9862355,28.5,0.113010182,0,no,no
Anolis_cupreus,Dactyloidae,,Oviparous,no,no,291.5,25.1,1997,no,6.855552673,44.1,0.063068567,0,no,no
Anolis_cusuco,Dactyloidae,,,no,no,1323,19.3,1787,yes,17.90258598,,0.043662067,0,no,no
Anolis_cuvieri,Dactyloidae,,Oviparous,no,yes,255,23.8,2023,no,12.21489477,119.5,0.040044172,0,no,no
Anolis_cyanopleurus,Dactyloidae,,,yes,yes,140,24.5,1488,no,9.721475601,32.1,0.121415462,0,no,
Anolis_cybotes,Dactyloidae,,Oviparous,no,yes,243,24.8,1492,no,7.291178703,48.5,0.049110491,0,no,no
Anolis_danieli,Dactyloidae,,,yes,no,1603,19.5,2635,yes,30.32187271,,0.044749212,1,yes,
Anolis_darlingtoni,Dactyloidae,,,yes,yes,1045.5,20.65,1971,yes,31.57123566,,0.029687664,0,no,
Anolis_desechensis,Dactyloidae,,,no,yes,,,,,,,0.065054571,0,,no
Anolis_desiradei,Dactyloidae,,,no,yes,,,,,,48.5,0.152241666,0,,
Anolis_dissimilis,Dactyloidae,,,yes,no,425,25.15,2470.5,no,4.013592899,,0.053481539,1,no,
Anolis_distichus,Dactyloidae,,Oviparous,yes,yes,13,24.1,1383,no,0.96039623,43.4,0.032966164,0,no,no
Anolis_dolichocephalus,Dactyloidae,,,yes,yes,479,23,1966.5,no,14.07061768,51.5,0.063329086,0,no,
Anolis_dunni,Dactyloidae,,Oviparous,no,no,913,23.8,1360,yes,17.47107315,43.4,0.094085238,0,no,
Anolis_equestris,Dactyloidae,,Oviparous,yes,yes,9,23.9,1446.5,no,0.275900811,142,0.138737799,0,no,no
Anolis_ernestwilliamsi,Dactyloidae,,Oviparous,no,yes,,,,,,56,0.078050115,0,,
Anolis_etheridgei,Dactyloidae,,Oviparous,yes,yes,1189,18.05,1371.5,yes,22.68165398,,0.026720204,0,no,no
Anolis_eugenegrahami,Dactyloidae,,Oviparous,no,yes,137,24.4,1662,no,26.64411354,,0.054331552,0,no,no
Anolis_euskalerriari,Dactyloidae,,,yes,no,1580,17.6,2344,yes,45.64183807,,0.044708095,1,yes,
Anolis_evermanni,Dactyloidae,,Oviparous,yes,yes,457,22.3,2299,no,13.82060814,47.5,0.057251009,0,no,no
Anolis_extremus,Dactyloidae,,Oviparous,yes,no,168,25.3,1460,no,5.368112564,51,0.111036014,0,no,no
Anolis_ferreus,Dactyloidae,,Oviparous,yes,yes,128,25.3,1439.5,no,5.056679726,61.5,0.079178934,0,no,no
Anolis_festae,Dactyloidae,,,yes,no,106,24.6,1693,no,1.584417284,,0.061168802,1,no,no
Anolis_fitchi,Dactyloidae,,,yes,no,1528,18.8,2655,yes,18.08238029,75.6,0.041511428,1,yes,
Anolis_fortunensis,Dactyloidae,,,yes,no,,,,,,,0.055405184,0,,
Anolis_fowleri,Dactyloidae,,,yes,yes,1910,13.5,1576,yes,23.39979362,,0.036747223,0,no,
Anolis_fraseri,Dactyloidae,,,yes,no,1269.5,19.3,2407.5,yes,16.38834667,,0.059731233,1,yes,
Anolis_frenatus,Dactyloidae,,Oviparous,no,no,446,24.6,2635,no,12.39633465,108.9,0.081347075,1,no,no
Anolis_fuscoauratus,Dactyloidae,,Oviparous,no,no,232,25.4,2645,no,3.278357267,45.2,0.106772415,0,no,no
Anolis_gadovii,Dactyloidae,,Oviparous,no,no,282.5,27.7,1259.5,no,11.47630548,62.6,0.052631904,0,no,
Anolis_gaigei,Dactyloidae,,Oviparous,yes,no,70.5,27.2,1792,no,2.850506783,44.7,0.114592,1,no,no
Anolis_garmani,Dactyloidae,,Oviparous,yes,yes,225,24.1,1950,no,9.613212109,81.1,0.071340443,0,no,no
Anolis_garridoi,Dactyloidae,,,yes,yes,741,21.2,1902,yes,12.03308105,36.5,0.077447441,0,no,no
Anolis_gemmosus,Dactyloidae,,Oviparous,no,no,1803.5,17.1,2228.5,yes,24.05333805,57.7,0.079529447,1,yes,no
Anolis_ginaelisae,Dactyloidae,,,yes,no,1666,16.5,2214.5,yes,20.12105846,,0.095075809,0,no,no
Anolis_gingivinus,Dactyloidae,,Oviparous,no,yes,,,,,,48,0.060141355,0,,no
Anolis_grahami,Dactyloidae,,Oviparous,no,yes,100.5,25,1950,no,7.407514811,44.5,0.136108895,0,no,no
Anolis_griseus,Dactyloidae,,,yes,yes,603,23.05,2574,yes,28.96863556,72.5,0.064940407,0,no,no
Anolis_gruuo,Dactyloidae,,,yes,no,,,,,,46.5,0.082810307,0,,
Anolis_guafe,Dactyloidae,,,no,yes,,,,,,38,0.057347918,0,,
Anolis_guamuhaya,Dactyloidae,,Oviparous,yes,yes,734,21.2,1902,yes,11.07339859,162,0.129500974,0,no,no
Anolis_guazuma,Dactyloidae,,,yes,yes,611,21.6,1853,yes,17.0253334,40.6,0.078061572,0,no,
Anolis_gundlachi,Dactyloidae,,Oviparous,yes,yes,406.5,22.8,2359,no,15.3051157,44.2,0.045808525,0,no,no
Anolis_hendersoni,Dactyloidae,,,yes,yes,561,23.4,1595,no,15.64576721,40.2,0.065124867,0,no,no
Anolis_heterodermus,Dactyloidae,,Oviparous,yes,no,2647.5,13.4,1240,yes,16.17756271,62.7,0.097315929,1,yes,no
Anolis_homolechis,Dactyloidae,,Oviparous,no,yes,48,25.2,1288,no,5.233474255,38.8,0.10221242,0,no,no
Anolis_huilae,Dactyloidae,,,yes,no,1641,18.7,1809,yes,15.07651234,,0.035607988,1,yes,
Anolis_humilis,Dactyloidae,,Oviparous,no,no,253.5,25.2,3414,no,7.715167761,37.5,0.080512221,0,no,no
Anolis_ibanezi,Dactyloidae,,,yes,no,710,23.05,3048,yes,16.42517948,75.9,0.069485558,0,no,
Anolis_imias,Dactyloidae,,,no,yes,580,21.9,1433,no,18.44262314,46.3,0.048897302,0,no,no
Anolis_immaculogularis,Dactyloidae,,,yes,no,31.5,27.55,703.5,no,5.241731405,,0.103497585,0,no,
Anolis_inderenae,Dactyloidae,,Oviparous,yes,no,2265,15.6,1738,yes,45.6468811,109.2,0.14356208,1,yes,no
Anolis_inexpectatus,Dactyloidae,,,yes,yes,41,25.7,1646,no,10.61057854,30.6,0.064158131,0,no,
Anolis_insignis,Dactyloidae,,,yes,no,986,21.2,3106,yes,13.1280427,133.2,0.057137747,0,no,
Anolis_insolitus,Dactyloidae,,Oviparous,yes,yes,1628.5,15.25,1463,yes,24.12713623,,0.036747223,0,no,no
Anolis_isolepis,Dactyloidae,,Oviparous,no,yes,436,23.8,1486,no,18.26525307,35,0.056232524,0,no,
Anolis_jacare,Dactyloidae,,Oviparous,yes,no,1607,18.25,1374,yes,10.35843349,55.5,0.073393225,1,yes,
Anolis_jubar,Dactyloidae,,Oviparous,no,yes,25,25.8,1173,no,6.605905294,43.3,0.096258162,0,no,no
Anolis_kemptoni,Dactyloidae,,Oviparous,no,no,1660,17.2,2479,yes,14.67053509,48.3,0.093548347,0,no,
Anolis_koopmani,Dactyloidae,,,no,yes,635,22.2,2092,yes,10.72814655,33,0.038918442,0,no,no
Anolis_krugi,Dactyloidae,,Oviparous,yes,yes,356,23.1,2203.5,no,12.70311928,37.1,0.061107848,0,no,no
Anolis_kunayalae,Dactyloidae,,,,no,725.5,23.15,2952,yes,21.69450569,68.7,0.070775586,0,no,
Anolis_laeviventris,Dactyloidae,,Oviparous,no,no,1267,19.9,1945,yes,14.34021854,56.3,0.055773659,0,no,no
Anolis_leachii,Dactyloidae,,Oviparous,yes,yes,7,26.5,1045,no,2.449033022,76,0.042308898,0,no,no
Anolis_lemurinus,Dactyloidae,,Oviparous,no,no,158,25.3,2300,no,4.471946955,59.3,0.114559704,1,no,no
Anolis_limifrons,Dactyloidae,,Oviparous,no,no,96.5,25.8,3316.5,no,4.505616188,41.8,0.100697188,0,no,no
Anolis_lineatopus,Dactyloidae,,Oviparous,no,yes,122.5,25.05,1874,no,7.650663376,46.2,0.062074811,0,no,no
Anolis_lineatus,Dactyloidae,,,yes,yes,30,27.3,563.5,no,3.97207427,,0.049886112,0,no,no
Anolis_liogaster,Dactyloidae,,Oviparous,no,no,2218,17.95,1571,yes,24.18111706,42.4,0.049802854,0,no,
Anolis_lionotus,Dactyloidae,,Oviparous,no,no,446,24.2,2867,no,8.429190636,62.5,0.09299398,0,no,no
Anolis_lividus,Dactyloidae,,Oviparous,no,yes,,,,,,47.5,0.060848556,0,,no
Anolis_longiceps,Dactyloidae,,Oviparous,no,yes,,,,,,,0.093583763,0,,no
Anolis_longitibialis,Dactyloidae,,Oviparous,no,yes,151,25.8,860,no,1.578898072,,0.048914834,0,no,no
Anolis_loveridgei,Dactyloidae,,Oviparous,yes,no,334.5,25.4,2008,no,22.63445759,,0.051205224,0,no,
Anolis_loysiana,Dactyloidae,,Oviparous,yes,yes,228,24.6,1452,no,4.887810707,36.6,0.049820142,0,no,no
Anolis_luciae,Dactyloidae,,Oviparous,no,yes,159,24.7,2051,no,15.00152969,55.5,0.038866154,1,no,no
Anolis_lucius,Dactyloidae,,Oviparous,no,yes,99,25.05,1410.5,no,3.906624794,52,0.033976349,0,no,no
Anolis_luteogularis,Dactyloidae,,,yes,yes,52,24.8,1439,no,1.734902501,132,0.13654212,0,no,no
Anolis_macilentus,Dactyloidae,,,yes,yes,360.5,23.85,1304,no,6.488610029,33,0.059587322,0,no,
Anolis_macrinii,Dactyloidae,,Oviparous,yes,no,1211,21.75,1675,yes,19.59268093,91,0.041790175,0,no,no
Anolis_maculigula,Dactyloidae,,,no,no,1429,20.15,2820,yes,19.73059559,75.9,0.063967594,1,yes,
Anolis_magnaphallus,Dactyloidae,,,no,no,1700,17.9,2341,yes,17.70262146,52.6,0.065452005,0,no,
Anolis_marcanoi,Dactyloidae,,,no,yes,304,24.1,1093,no,12.97280788,,0.054886902,0,no,
Anolis_marmoratus,Dactyloidae,,Oviparous,no,yes,58.5,25.4,2010.5,no,6.183906555,48.5,0.211825233,0,no,no
Anolis_marron,Dactyloidae,,Oviparous,yes,yes,28.5,26.4,1179.5,no,6.795467138,,0.069709576,0,no,
Anolis_maynardi,Dactyloidae,Anolis_maynardi,,yes,yes,,,,,,51,0.08919513,0,,no
Anolis_medemi,Dactyloidae,,,yes,yes,1291.5,20.7,1380,yes,6.380338907,,0.106010046,0,no,
Anolis_megapholidotus,Dactyloidae,,Oviparous,no,no,1014.5,23.5,1320,yes,18.95180702,40.6,0.090304975,0,no,
Anolis_meridionalis,Dactyloidae,,Oviparous,no,no,580.5,23.1,1529.5,no,3.627920628,47.9,0.054075272,0,no,no
Anolis_mestrei,Dactyloidae,,Oviparous,no,yes,133,24.4,1539,no,5.903056145,42.9,0.056366824,0,no,no
Anolis_microlepidotus,Dactyloidae,,Oviparous,no,no,1479,21.8,895,yes,14.17360497,43.3,0.053942117,0,no,no
Anolis_microtus,Dactyloidae,,,yes,no,2045,14.7,2803,yes,16.00083733,99.5,0.090756661,0,no,
Anolis_monensis,Dactyloidae,,,no,yes,,,,,,42.5,0.054565017,0,,no
Anolis_monteverde,Dactyloidae,,,yes,no,1453.5,18.65,3019.5,yes,12.11543036,,0.136402058,0,no,
Anolis_monticola,Dactyloidae,,,no,yes,596.5,22.6,1962.5,no,15.41219187,,0.041515148,0,no,no
Anolis_neblininus,Dactyloidae,,,yes,no,1595,18.6,3389,yes,16.56102467,56.3,0.045627655,0,no,
Anolis_nebuloides,Dactyloidae,,Oviparous,no,no,630,24.1,1030,yes,10.42237806,42.3,0.073569728,0,no,
Anolis_nebulosus,Dactyloidae,,Oviparous,no,no,928,23.2,941,yes,7.399746895,40.8,0.037042739,0,no,no
Anolis_nicefori,Dactyloidae,,,yes,no,2283,14.55,1288,yes,27.44783783,,0.060546272,1,yes,
Anolis_nietoi,Dactyloidae,,,no,no,1109,22.6,2009,yes,20.5126133,,0.089768271,0,no,
Anolis_noblei,Dactyloidae,,,yes,yes,265,24.4,1429,no,12.90171432,152.1,0.096205153,0,no,
Anolis_nubilus,Dactyloidae,,,no,yes,,,,,,51,0.097045259,0,,no
Anolis_occultus,Dactyloidae,,,yes,yes,478,21.4,2547,no,20.44583702,38.1,0.025875707,0,no,
Anolis_ocelloscapularis,Dactyloidae,,,yes,no,783,22.6,1770,yes,21.49118996,,0.057922152,0,no,
Anolis_oculatus,Dactyloidae,,Oviparous,no,yes,123,25.1,2038,no,12.94404745,52,0.058156299,0,no,no
Anolis_olssoni,Dactyloidae,,Oviparous,yes,yes,121,25.8,1099,no,4.692780495,40.9,0.027941355,0,no,no
Anolis_omiltemanus,Dactyloidae,,Oviparous,no,no,2120,18.2,1498,yes,28.68060684,41.6,0.061708567,0,no,
Anolis_onca,Dactyloidae,,Oviparous,no,no,16,27.85,507,no,0.481187791,,0.062004823,1,no,no
Anolis_opalinus,Dactyloidae,,Oviparous,yes,yes,216,24.75,1954,no,9.610690594,42.3,0.0613062,0,no,no
Anolis_ophiolepis,Dactyloidae,,Oviparous,no,yes,54,25.2,1395,no,2.412162542,32.3,0.064607718,0,no,no
Anolis_oporinus,Dactyloidae,,,yes,yes,,,,,,46.7,0.084108325,0,,
Anolis_ortonii,Dactyloidae,,Oviparous,no,no,188,25.6,2508,no,2.685888767,44.7,0.041980437,0,no,no
Anolis_osa,Dactyloidae,,,yes,no,70,26.1,4267.5,no,7.511977196,46.4,0.126920593,0,no,
Anolis_otongae,Dactyloidae,,Oviparous,yes,no,,,,,,63.3,0.070094524,1,,
Anolis_oxylophus,Dactyloidae,,Oviparous,no,no,469,24,3537.5,no,9.251562119,58.9,0.086431141,0,no,no
Anolis_pachypus,Dactyloidae,,Oviparous,yes,no,1875,16,2722,yes,16.84321213,47.5,0.096948453,0,no,
Anolis_paternus,Dactyloidae,,,no,yes,28,25.2,1419,no,1.12229979,32.3,0.066312266,0,no,no
Anolis_peraccae,Dactyloidae,,Oviparous,yes,no,307,24,2606,no,4.881210327,46.3,0.058506845,1,no,no
Anolis_peucephilus,Dactyloidae,,,yes,no,1342,20.5,1260,yes,25.09628677,,0.065896377,0,no,
Anolis_phyllorhinus,Dactyloidae,,,yes,no,127,25.6,2063,no,1.310606003,72,0.058190771,0,no,no
Anolis_placidus,Dactyloidae,,Oviparous,yes,yes,1830,14.7,1582,yes,10.94603634,43.5,0.05141299,0,no,
Anolis_planiceps,Dactyloidae,,Oviparous,no,no,110.5,25.9,1885,no,5.161415339,62.2,0.167818091,0,no,no
Anolis_podocarpus,Dactyloidae,,Oviparous,yes,no,1616.5,19.9,2518.5,yes,17.66008949,,0.041660114,1,yes,
Anolis_poecilopus,Dactyloidae,,Oviparous,no,no,296.5,25.45,2728,no,11.25448608,59.6,0.137520079,1,no,no
Anolis_poei,Dactyloidae,,,,no,,,,,,53.4,0.082186571,1,,
Anolis_pogus,Dactyloidae,,Oviparous,no,yes,,,,,,40.5,0.038384512,0,,no
Anolis_polylepis,Dactyloidae,,Oviparous,yes,no,180,25.5,3395,no,11.53006363,45.4,0.12193818,0,no,no
Anolis_poncensis,Dactyloidae,,,yes,yes,24,25.7,993.5,no,2.639153481,36,0.048080217,0,no,no
Anolis_porcatus,Dactyloidae,,Oviparous,yes,yes,37,25.2,1338,no,2.354188204,54.6,0.070076224,0,no,no
Anolis_porcus,Dactyloidae,,Oviparous,yes,yes,189,25.2,1509,no,14.73333073,144.7,0.078559921,0,no,no
Anolis_princeps,Dactyloidae,,,yes,no,378.5,23.75,2648.5,no,7.880127907,104,0.089295457,1,no,
Anolis_pseudokemptoni,Dactyloidae,,,yes,no,1609.5,18,2572,yes,22.99522686,55,0.08310877,0,no,
Anolis_pseudopachypus,Dactyloidae,,,no,no,1621.5,17.95,2458.5,yes,24.85371017,45,0.094287067,0,no,
Anolis_pulchellus,Dactyloidae,,Oviparous,yes,yes,76,25.1,1794,no,5.10736084,36.3,0.059079105,0,no,no
Anolis_pumilus,Dactyloidae,,Oviparous,yes,yes,90,24.7,1471.5,no,2.357655168,33.6,0.086991346,0,no,no
Anolis_punctatus,Dactyloidae,,Oviparous,yes,no,212,25.2,2172,no,3.291049957,70.4,0.084812312,0,no,no
Anolis_purpurgularis,Dactyloidae,,,no,no,1528,18.4,1709,yes,48.1362915,56.4,0.053390336,0,no,
Anolis_quadriocellifer,Dactyloidae,,,no,yes,10,25.2,1403,no,0.29530412,41.6,0.114719056,0,no,no
Anolis_quaggulus,Dactyloidae,,Oviparous,no,no,162.5,25.65,2203,no,5.101551771,,0.074997175,0,no,no
Anolis_quercorum,Dactyloidae,,,no,no,1881,17.3,728,yes,17.77001572,35.3,0.080937427,0,no,
Anolis_reconditus,Dactyloidae,,Oviparous,no,yes,737.5,21.8,2376,yes,22.30677891,,0.059455242,0,no,no
Anolis_rejectus,Dactyloidae,,Oviparous,yes,yes,501,21.4,1490,no,18.86613655,32.6,0.074314801,0,no,
Anolis_richardii,Dactyloidae,,Oviparous,no,yes,39,26.5,2116.5,no,11.58570099,71.3,0.059992445,0,no,no
Anolis_ricordii,Dactyloidae,,,yes,yes,327,24.25,1635.5,no,14.83511257,147,0.07438538,0,no,
Anolis_rodriguezi,Dactyloidae,Anolis_rodriguezi,Oviparous,no,no,24,25.7,1234.5,no,0.815789998,43.7,0.0711084,0,no,
Anolis_roquet,Dactyloidae,,Oviparous,no,yes,29,26,1709,no,10.50709391,52.3,0.106569965,0,no,no
Anolis_rubribarbus,Dactyloidae,,,yes,yes,226.5,24.5,1607.5,no,14.52831507,42.2,0.060712202,0,no,
Anolis_sabanus,Dactyloidae,,Oviparous,no,yes,,,,,,48.5,0.155426403,0,,no
Anolis_sacamecatensis,Dactyloidae,,,no,no,1985.5,16,1255.5,yes,41.43868637,,0.077711104,0,no,
Anolis_sagrei,Dactyloidae,,Oviparous,no,no,12,22.3,1284,no,0.545712829,47.7,0.118144141,0,no,no
Anolis_schwartzi,Dactyloidae,,Oviparous,no,yes,16,26.7,1231,no,4.359026432,40,0.058818749,0,no,no
Anolis_scriptus,Dactyloidae,,,yes,yes,7,25.8,713,no,0.789543927,,0.046914574,0,no,
Anolis_semilineatus,Dactyloidae,,Oviparous,yes,yes,406,23.8,1398,no,9.658331394,36.1,0.037433678,0,no,no
Anolis_sericeus,Dactyloidae,,Oviparous,no,no,214,25,1660,no,4.088696957,41,0.070697122,0,no,no
Anolis_sheplani,Dactyloidae,,Oviparous,yes,yes,1147.5,18.1,1616,yes,13.17087507,39,0.047446947,0,no,no
Anolis_shrevei,Dactyloidae,,Oviparous,no,yes,2340.5,10.9,1823,yes,15.54103947,,0.061481902,0,no,no
Anolis_singularis,Dactyloidae,,Oviparous,yes,yes,952,19.8,1616,yes,13.13149738,,0.053806156,0,no,
Anolis_smallwoodi,Dactyloidae,,Oviparous,yes,yes,71,25.8,1168,no,5.449271202,135.3,0.096245831,0,no,no
Anolis_smaragdinus,Dactyloidae,,,yes,yes,8.5,25.1,1004,no,1.493211746,,0.084382044,0,no,no
Anolis_sminthus,Dactyloidae,,Oviparous,yes,no,1923,16.3,1582,yes,17.06589127,51.4,0.047501161,0,no,
Anolis_stevepoei,Dactyloidae,,,no,no,1066,21.7,1324,yes,19.70548439,,0.068342822,0,no,
Anolis_strahmi,Dactyloidae,,Oviparous,no,yes,517,23.4,1385,no,25.64306068,51.5,0.027613608,0,no,no
Anolis_stratulus,Dactyloidae,,Oviparous,yes,yes,149.5,24.6,1870.5,no,7.814592838,39.4,0.057690279,0,no,no
Anolis_subocularis,Dactyloidae,,Oviparous,no,no,299,27.4,1247,no,9.265236855,38.9,0.050130925,0,no,
Anolis_taylori,Dactyloidae,,Oviparous,no,no,257.5,27.2,1204,no,18.85073662,57,0.089778345,0,no,no
Anolis_tenorioensis,Dactyloidae,,,yes,no,,,,,,,0.088132058,0,,
Anolis_terraealtae,Dactyloidae,,Oviparous,yes,yes,,,,,,50.5,0.059011364,0,,no
Anolis_tigrinus,Dactyloidae,,,yes,no,765,22.15,1289,yes,25.07065964,,0.04653795,0,no,
Anolis_townsendi,Dactyloidae,,,no,yes,,,,,,43.5,0.133941725,0,,
Anolis_trachyderma,Dactyloidae,,Oviparous,no,no,133,25.8,2751,no,2.543622255,53.8,0.107275603,0,no,no
Anolis_transversalis,Dactyloidae,,Oviparous,yes,no,136,26,2800,no,2.476723194,77.1,0.052415914,0,no,no
Anolis_trinitatis,Dactyloidae,,Oviparous,no,yes,139.5,25.6,2221,no,9.398558617,45.5,0.062678575,0,no,no
Anolis_tropidogaster,Dactyloidae,,Oviparous,yes,no,194,27,2119,no,6.208869457,48.5,0.114200304,1,no,no
Anolis_tropidolepis,Dactyloidae,,Oviparous,no,no,1750,17,2887,yes,16.60688782,50.8,0.099871839,0,no,no
Anolis_tropidonotus,Dactyloidae,,Oviparous,no,no,366,24.5,1796,no,5.038716316,42.7,0.055004921,0,no,no
Anolis_uniformis,Dactyloidae,,Oviparous,no,no,204,25,2615,no,8.132996082,36.7,0.042364532,0,no,no
Anolis_unilobatus,Dactyloidae,,,yes,no,280,25.2,1644,no,5.133187771,,0.147397645,0,no,
Anolis_utilensis,Dactyloidae,,Oviparous,yes,yes,,,,,,51.7,0.037998925,0,,
Anolis_valencienni,Dactyloidae,,Oviparous,no,yes,239,24.5,1953.5,no,7.011990547,59.9,0.052871845,0,no,no
Anolis_vanidicus,Dactyloidae,,Oviparous,no,yes,611,21.6,1853,yes,12.03308105,33.4,0.040902039,0,no,
Anolis_vanzolinii,Dactyloidae,,,yes,no,2883,11.2,1282,yes,18.51079178,,0.143081343,1,yes,no
Anolis_ventrimaculatus,Dactyloidae,,Oviparous,yes,no,1912,17.8,2128,yes,20.69344521,65.5,0.046898839,1,yes,
Anolis_vermiculatus,Dactyloidae,,Oviparous,no,yes,137.5,24.3,1563,no,5.903056145,77.8,0.029532269,0,no,no
Anolis_wattsi,Dactyloidae,Anolis_wattsi,Oviparous,no,yes,14,26.2,1503,no,3.136524796,43,0.05800901,0,no,
Anolis_websteri,Dactyloidae,,,yes,yes,100,25.7,1023,no,8.624099493,42.5,0.040902619,0,no,
Anolis_woodi,Dactyloidae,,Oviparous,yes,no,1424,18.9,2972,yes,15.62694168,75.4,0.061967696,0,no,
Anolis_yoroensis,Dactyloidae,,,no,no,942.5,21.5,1548,yes,22.49138069,43.3,0.060763128,0,no,
Anolis_zapotecorum,Dactyloidae,,,no,no,1131.5,21.1,1644,yes,34.50318527,,0.064973784,0,no,
Anolis_zeus,Dactyloidae,,,yes,no,394,24.8,2230.5,no,15.98314524,,0.096480997,0,no,
Eurolophosaurus_amathites,Tropiduridae,,Oviparous,no,no,411,25.7,641,no,0.681215703,59.4,0.068240549,0,no,
Eurolophosaurus_divaricatus,Tropiduridae,,,no,no,438,25.7,640,no,6.466523886,,0.043694904,0,no,yes
Eurolophosaurus_nanuzae,Tropiduridae,,Oviparous,no,no,1189.5,18.9,1535,yes,8.431508064,50,0.068240549,0,no,no
Microlophus_albemarlensis,Tropiduridae,,Oviparous,no,yes,15.5,23.9,495.5,no,2.353543997,69.5,0.288195841,0,no,no
Microlophus_stolzmanni,Tropiduridae,Microlophus_stolzmanni,Oviparous,no,no,857,22.1,717,yes,17.9271183,60.5,0.04287895,1,yes,
Microlophus_atacamensis,Tropiduridae,,Oviparous,no,no,11,17.8,2,no,5.721944809,88.1,0.138760113,1,no,no
Microlophus_bivittatus,Tropiduridae,,Oviparous,no,yes,120,22.9,766,no,5.201704741,70.5,0.136591783,0,no,no
Microlophus_delanonis,Tropiduridae,,Oviparous,no,yes,343,22,794.5,no,4.757166982,92.5,0.080106386,0,no,no
Microlophus_duncanensis,Tropiduridae,,Oviparous,no,yes,,,,,,77,0.294262488,0,,no
Microlophus_grayii,Tropiduridae,,Oviparous,no,yes,271.5,21.9,609,no,8.357686996,76.1,0.122151317,0,no,no
Microlophus_habelii,Tropiduridae,,Oviparous,no,yes,,,,,,84.6,0.129035954,0,,yes
Microlophus_heterolepis,Tropiduridae,,Oviparous,no,no,0,19.1,3,no,,79,0.219097833,1,no,no
Microlophus_koepckeorum,Tropiduridae,,Oviparous,no,no,522.5,21.45,115,no,23.45895386,55.7,0.05290224,1,no,
Microlophus_occipitalis,Tropiduridae,,Oviparous,no,no,32,24.4,199,no,2.650331497,53.3,0.079594362,1,no,no
Microlophus_pacificus,Tropiduridae,,Oviparous,no,yes,1286,17.1,1483,yes,10.18448257,86.2,0.184731216,0,no,yes
Microlophus_peruvianus,Tropiduridae,,Oviparous,no,no,30.5,19.2,12,no,4.775117397,70.9,0.401270386,1,no,no
Microlophus_quadrivittatus,Tropiduridae,,Oviparous,no,no,11,18.5,1,no,6.732262611,83.9,0.12489195,1,no,no
Microlophus_theresiae,Tropiduridae,,Oviparous,no,no,22,19.2,11.5,no,2.453424096,59.8,0.060126405,1,no,no
Microlophus_theresioides,Tropiduridae,,Oviparous,no,no,990.5,16.6,1,yes,1.918180943,80.6,0.247575795,1,yes,no
Microlophus_thoracicus,Tropiduridae,,Oviparous,no,no,30,19.3,9.5,no,2.162044227,64.1,0.043600532,1,no,no
Microlophus_tigris,Tropiduridae,,Oviparous,no,no,631,18.5,35.5,yes,16.0461216,58.3,0.421569797,1,yes,no
Microlophus_yanezi,Tropiduridae,,Oviparous,,no,311,18,4,no,3.058103561,86.4,0.244940858,1,no,no
Plica_lumaria,Tropiduridae,,,no,no,626.5,23.85,3097,yes,7.821359158,77.1,0.084187042,0,no,no
Plica_plica,Tropiduridae,,Oviparous,no,no,194,25.7,2468,no,3.633991718,131.3,0.087761186,0,no,no
Plica_umbra,Tropiduridae,,Oviparous,yes,no,144,26,2467,no,2.943155646,85,0.051259119,0,no,no
Stenocercus_angel,Tropiduridae,,Oviparous,,no,2636,15.2,1208,yes,30.55541229,,0.191944274,1,yes,
Stenocercus_angulifer,Tropiduridae,,Oviparous,,no,250,25,3229,no,2.204034805,,0.096979775,1,no,
Stenocercus_apurimacus,Tropiduridae,,,no,no,2489,16.05,774.5,yes,25.6460247,,0.061124657,1,yes,
Stenocercus_azureus,Tropiduridae,,Oviparous,no,no,260,18,1379,no,1.768104315,62.9,0.088449191,0,no,no
Stenocercus_boettgeri,Tropiduridae,,,no,no,2930,13,987,yes,42.48662567,,0.102882837,1,yes,
Stenocercus_caducus,Tropiduridae,,Oviparous,no,no,359,22.7,1332,no,4.603742599,77,0.074136353,0,no,no
Stenocercus_chota,Tropiduridae,,Oviparous,,no,1647,18.8,612,yes,15.21142006,60,0.096039801,1,yes,
Stenocercus_chrysopygus,Tropiduridae,,Oviparous,no,no,3597,8.6,635,yes,19.70635128,64.3,0.095872257,1,yes,
Stenocercus_crassicaudatus,Tropiduridae,,,no,no,2830,14.4,964,yes,46.39866257,79.5,0.07985827,1,yes,
Stenocercus_cupreus,Tropiduridae,,Oviparous,no,no,2430,15.9,525,yes,34.10392761,54.5,0.103806744,1,yes,
Stenocercus_doellojuradoi,Tropiduridae,,Oviparous,no,no,654,17.6,605,yes,1.162272692,71.5,0.090726546,1,yes,no
Stenocercus_empetrus,Tropiduridae,,Oviparous,no,no,3136,11.5,907,yes,15.35106564,83.5,0.098068778,1,yes,
Stenocercus_eunetopsis,Tropiduridae,,Oviparous,no,no,2572,13.6,1083,yes,26.41664886,68.5,0.09845113,1,yes,
Stenocercus_festae,Tropiduridae,,,no,no,2572,14.4,837,yes,17.41252518,71.5,0.113736842,1,yes,
Stenocercus_formosus,Tropiduridae,,,no,no,1382,19.9,1689,yes,59.50314713,74.8,0.062122162,1,yes,
Stenocercus_guentheri,Tropiduridae,,Oviparous,no,no,2787,13.6,950,yes,11.59361076,63.8,0.183864079,1,yes,
Stenocercus_humeralis,Tropiduridae,,Oviparous,no,no,2156,16.2,1058,yes,17.66405106,99,0.073383765,1,yes,
Stenocercus_imitator,Tropiduridae,,Oviparous,no,no,2623,14.2,809,yes,31.96763611,78.5,0.088026133,1,yes,
Stenocercus_iridescens,Tropiduridae,,,,no,62.5,25.1,851,no,7.849779606,,0.094662431,1,no,
Stenocercus_latebrosus,Tropiduridae,,,no,no,2917,11.8,416,yes,24.35481453,,0.109550731,1,yes,
Stenocercus_limitaris,Tropiduridae,,,no,no,1036,21.9,1142,yes,17.66400146,,0.059569463,1,yes,
Stenocercus_marmoratus,Tropiduridae,,Oviparous,no,no,1848,17,659.5,yes,23.98212433,,0.08405014,1,yes,
Stenocercus_melanopygus,Tropiduridae,,Oviparous,no,no,3162,11.35,917.5,yes,10.87733936,60.5,0.111966179,1,yes,
Stenocercus_ochoai,Tropiduridae,,,no,no,2672,15.3,759,yes,47.04418945,69,0.064134448,1,yes,
Stenocercus_orientalis,Tropiduridae,,,no,no,2498,15.5,912,yes,39.03419495,63.8,0.10723624,1,yes,
Stenocercus_ornatissimus,Tropiduridae,,Oviparous,,no,2971.5,10.95,291.5,yes,43.50843239,58.5,0.109010591,1,yes,
Stenocercus_ornatus,Tropiduridae,,Oviparous,no,no,2377,15.1,1015,yes,16.99462128,61,0.087673864,1,yes,
Stenocercus_percultus,Tropiduridae,,Oviparous,no,no,1862.5,18.1,598.5,yes,26.62246704,79.5,0.089063813,1,yes,
Stenocercus_puyango,Tropiduridae,,Oviparous,no,no,620.5,22.9,696,yes,25.12492943,73.5,0.100956902,1,yes,
Stenocercus_rhodomelas,Tropiduridae,,,no,no,1612,19.8,613,yes,25.10987282,,0.092613528,1,yes,
Stenocercus_roseiventris,Tropiduridae,,Oviparous,no,no,518,24,1820,no,9.011808395,93.5,0.061926877,1,no,no
Stenocercus_scapularis,Tropiduridae,,,,no,764,23.2,1926,yes,34.33994293,81,0.064783735,1,yes,
Stenocercus_stigmosus,Tropiduridae,,,no,no,2596,13.8,908,yes,25.20300102,,0.109610027,1,yes,
Stenocercus_torquatus,Tropiduridae,,Oviparous,yes,no,1219,22.3,1258,yes,26.13267708,66.5,0.078387212,1,yes,
Stenocercus_varius,Tropiduridae,,Oviparous,no,no,1662.5,17.1,1746,yes,27.51806355,79,0.081513715,1,yes,no
Strobilurus_torquatus,Tropiduridae,,Oviparous,yes,no,90.5,24.7,1325,no,7.94075346,85.8,0.048511896,0,no,no
Tropidurus_bogerti,Tropiduridae,,Oviparous,no,no,1565,18.4,2198,yes,7.693624973,70.2,0.052073726,0,no,
Tropidurus_callathelys,Tropiduridae,,Oviparous,no,no,605.5,22.2,1466,yes,17.71580887,65.4,0.058840051,0,no,no
Tropidurus_cocorobensis,Tropiduridae,,Oviparous,no,no,450,24.15,798,no,4.508101821,62.6,0.126444495,0,no,no
Tropidurus_erythrocephalus,Tropiduridae,,Oviparous,no,no,984.5,21.15,664,yes,3.042077541,64.1,0.169302682,0,no,
Tropidurus_etheridgei,Tropiduridae,,Oviparous,no,no,382,20.1,619,no,1.251827359,61.6,0.136821386,0,no,no
Tropidurus_helenae,Tropiduridae,,,no,no,445,26.15,721,no,13.74116278,,0.1012714,0,no,
Tropidurus_hispidus,Tropiduridae,,Oviparous,no,no,97.5,26.4,1400,no,2.294745445,83.8,0.302554573,0,no,no
Tropidurus_hygomi,Tropiduridae,,Oviparous,no,no,15,25.6,1414,no,5.424117565,54,0.114146289,0,no,no
Tropidurus_insulanus,Tropiduridae,,Oviparous,no,no,513,24.3,2443,no,1.978922367,67.3,0.133985346,0,no,
Tropidurus_itambere,Tropiduridae,,Oviparous,no,no,753,18.75,1343.5,yes,8.049265385,65,0.158791294,0,no,no
Tropidurus_jaguaribanus,Tropiduridae,,Oviparous,no,no,142,27.25,814,no,1.392006904,79.6,0.163367548,0,no,
Tropidurus_montanus,Tropiduridae,,Oviparous,no,no,968,19.65,1485.5,yes,7.771424055,72.3,0.119042171,0,no,no
Tropidurus_mucujensis,Tropiduridae,,Oviparous,no,no,,,,,,63,0.173563033,0,,
Tropidurus_oreadicus,Tropiduridae,,Oviparous,no,no,271.5,25.7,1537,no,2.1532166,77.5,0.183130004,0,no,no
Tropidurus_pinima,Tropiduridae,,Oviparous,no,no,539,24.9,687,no,3.44857192,64.6,0.078437763,0,no,no
Tropidurus_psammonastes,Tropiduridae,,Oviparous,no,no,414.5,25.8,633,no,4.101913989,72.1,0.160888132,0,no,yes
Tropidurus_semitaeniatus,Tropiduridae,,Oviparous,no,no,479,23.45,806.5,no,5.935472965,69.6,0.165549155,0,no,no
Tropidurus_spinulosus,Tropiduridae,,Oviparous,no,no,258,22,682,no,0.967683136,90.2,0.058840051,0,no,no
Tropidurus_torquatus,Tropiduridae,,Oviparous,no,no,325,21.8,1378.5,no,5.037043095,75.5,0.298118803,0,no,no
Uracentron_flaviceps,Tropiduridae,,Oviparous,yes,no,217,25.5,2909,no,2.543622255,94.4,0.070131209,0,no,no
Uranoscodon_superciliosus,Tropiduridae,,Oviparous,no,no,89,26.8,2362,no,2.463486195,128.4,0.020010658,0,no,no
Leiocephalus_barahonensis,Leiocephalidae,,Oviparous,no,yes,42.5,26.3,941,no,2.986160755,56.4,0.063347109,0,no,no
Leiocephalus_carinatus,Leiocephalidae,,Oviparous,no,yes,9,23.9,1411,no,0.42272611,91.1,0.059844348,0,no,no
Leiocephalus_personatus,Leiocephalidae,,Oviparous,no,yes,41,25.9,1196,no,2.386769652,50.7,0.082893081,0,no,no
Leiocephalus_psammodromus,Leiocephalidae,,Oviparous,no,yes,11,25.9,711,no,1.103608251,74.9,0.090099175,0,no,no
Leiocephalus_raviceps,Leiocephalidae,,Oviparous,no,yes,38,25.75,1105.5,no,3.923724413,50.2,0.055751851,0,no,no
Leiocephalus_schreibersii,Leiocephalidae,,Oviparous,no,yes,30.5,26.5,830,no,2.73941195,59.7,0.072924385,0,no,no
Basiliscus_basiliscus,Corytophanidae,,Oviparous,no,no,71,26.4,2377.5,no,4.544199944,160,0.053703085,1,no,no
Basiliscus_galeritus,Corytophanidae,,Oviparous,no,no,563,24.9,2544,no,12.31757355,,0.024590362,1,no,no
Basiliscus_plumifrons,Corytophanidae,,Oviparous,no,no,51,26.1,3876,no,2.651379585,125.5,0.053703085,0,no,no
Basiliscus_vittatus,Corytophanidae,,Oviparous,no,no,20,25.2,1510,no,1.58410871,117.8,0.033136135,0,no,no
Corytophanes_cristatus,Corytophanidae,,Oviparous,no,no,198,25.4,2702.5,no,10.16872501,109.1,0.052596651,1,no,no
Corytophanes_percarinatus,Corytophanidae,,Viviparous,yes,no,1442,20.3,1669,yes,15.99197197,103,0.051452518,0,no,no
Laemanctus_longipes,Corytophanidae,,Oviparous,no,no,288,24.4,2182,no,6.112764835,129,0.037530357,0,no,no
Crotaphytus_antiquus,Crotaphytidae,,Oviparous,no,no,1134.5,21.2,207,yes,20.85286427,88.7,0.039576727,0,no,no
Crotaphytus_bicinctores,Crotaphytidae,,Oviparous,no,no,1245.5,13.5,204,yes,9.387553215,88.5,0.094579283,0,no,no
Crotaphytus_collaris,Crotaphytidae,,Oviparous,no,no,937,15.2,400,yes,3.733638048,90.6,0.101250398,0,no,no
Crotaphytus_dickersonae,Crotaphytidae,,Oviparous,no,no,83.5,23.1,140,no,3.589475632,80,0.038989914,0,no,no
Crotaphytus_grismeri,Crotaphytidae,,Oviparous,no,no,163,21.3,118,no,2.799386024,82.5,0.117058657,0,no,no
Crotaphytus_insularis,Crotaphytidae,,Oviparous,no,yes,808,15,192,yes,7.560791969,94.5,0.06668816,0,no,no
Crotaphytus_nebrius,Crotaphytidae,,Oviparous,no,no,509,21.1,287,no,7.629826546,,0.094579283,0,no,no
Crotaphytus_reticulatus,Crotaphytidae,,Oviparous,no,no,171.5,22.5,536.5,no,1.438753128,101.5,0.101250398,0,no,no
Crotaphytus_vestigium,Crotaphytidae,,Oviparous,no,no,418,19.2,218,no,11.50989485,81.9,0.117058657,0,no,no
Gambelia_copeii,Crotaphytidae,,Oviparous,no,no,228.5,19.3,144,no,5.192760229,103.5,0.034607288,0,no,no
Gambelia_sila,Crotaphytidae,,Oviparous,no,no,243,16.4,229.5,no,1.885955572,97.5,0.060472148,0,no,no
Gambelia_wislizenii,Crotaphytidae,,Oviparous,no,no,1171,15.3,214,yes,2.6980685,110.5,0.060472148,0,no,no
Ctenoblepharys_adspersa,Liolaemidae,,Oviparous,no,no,427,19.05,2,no,4.116024494,62,0.015293839,1,no,no
Liolaemus_abaucan,Liolaemidae,,Oviparous,no,no,1836.5,15.35,110.5,yes,3.129930377,55.7,0.208489138,1,yes,no
Liolaemus_albiceps,Liolaemidae,,Viviparous,no,no,272,23.2,702,no,0.830545247,74.9,0.574363499,1,no,yes
Liolaemus_alticolor,Liolaemidae,,Viviparous,no,no,3884,8.3,688,yes,15.08910465,47.8,0.295287833,1,yes,no
Liolaemus_andinus,Liolaemidae,,Viviparous,no,no,1950.5,8.55,203.5,yes,2.309859753,85.6,0.334783491,1,yes,no
Liolaemus_anomalus,Liolaemidae,,Oviparous,,no,934,16.45,117,yes,1.496786833,62.8,0.224489373,1,yes,no
Liolaemus_archeforus,Liolaemidae,,Viviparous,no,no,794.5,7.1,202,yes,2.82053864,80.2,1.044012614,1,yes,no
Liolaemus_atacamensis,Liolaemidae,,Oviparous,no,no,333.5,15.7,56.5,no,3.902920008,61.8,0.14108802,1,no,no
Liolaemus_audituvelatus,Liolaemidae,,Viviparous,no,no,938.5,15.7,14,yes,4.141697168,50.3,0.354658268,1,yes,no
Liolaemus_austromendocinus,Liolaemidae,,Viviparous,no,no,1809,9.4,293.5,yes,9.179236889,88.4,0.311876116,1,yes,no
Liolaemus_avilai,Liolaemidae,,Viviparous,no,no,1322.5,4,213.5,yes,2.561818242,56.7,0.350005619,1,yes,
Liolaemus_azarai,Liolaemidae,,Oviparous,no,no,,,,,,41,0.242527695,0,,no
Liolaemus_baguali,Liolaemidae,,Viviparous,no,no,802.5,6.7,206,yes,2.198664904,78.4,0.467253788,1,yes,no
Liolaemus_bellii,Liolaemidae,,Viviparous,no,no,2678,5.4,488,yes,22.88669777,63.6,0.291050903,1,no,no
Liolaemus_bibronii,Liolaemidae,,Oviparous,no,no,1020,9.1,338,yes,5.193555832,53.3,0.251656326,1,yes,no
Liolaemus_bitaeniatus,Liolaemidae,,Oviparous,no,no,2201,13.6,351,yes,10.08462906,61.3,0.222977648,1,yes,no
Liolaemus_boulengeri,Liolaemidae,,Oviparous,no,no,620,10.1,216,yes,1.519763231,60.3,0.380110116,1,yes,no
Liolaemus_buergeri,Liolaemidae,,Viviparous,no,no,1968,7.1,630,yes,14.31401443,83.6,0.576492612,1,yes,yes
Liolaemus_calchaqui,Liolaemidae,,Viviparous,no,no,3595,7.8,222,yes,9.876180649,57,0.270951188,1,yes,no
Liolaemus_canqueli,Liolaemidae,,Oviparous,no,no,324,11.8,180,no,1.291550756,81.7,0.274924362,1,no,no
Liolaemus_capillitas,Liolaemidae,,Viviparous,no,no,2916,11.95,198.5,yes,37.49950409,83,0.57044472,1,yes,no
Liolaemus_casamiquelai,Liolaemidae,,,no,no,930.5,9.8,182,yes,1.850197792,,0.77439275,1,yes,
Liolaemus_chacabucoense,Liolaemidae,,Viviparous,,no,,,,,,56,0.767662698,1,,no
Liolaemus_chacoensis,Liolaemidae,,Oviparous,no,no,382.5,19.45,495,no,1.081017137,44.2,0.240436514,1,no,no
Liolaemus_chaltin,Liolaemidae,,Oviparous,no,no,3491,10,207,yes,0.854197383,,0.386452488,1,yes,no
Liolaemus_chavin,Liolaemidae,,Viviparous,no,no,4107,4.7,543,yes,18.62958336,,0.242815266,1,yes,
Liolaemus_chehuachekenk,Liolaemidae,,Oviparous,no,no,908,9.4,176,yes,3.033079147,90.6,0.294559214,1,yes,no
Liolaemus_chiliensis,Liolaemidae,,Oviparous,yes,no,669,12.5,858,yes,7.735745907,87.1,0.175929635,1,yes,no
Liolaemus_chillanensis,Liolaemidae,,Viviparous,no,no,1406,7.7,1234,yes,16.83687782,75,0.273313749,1,yes,no
Liolaemus_coeruleus,Liolaemidae,,Oviparous,no,no,2007,5.5,980,yes,11.95818043,61,0.113280381,1,yes,no
Liolaemus_crepuscularis,Liolaemidae,,Viviparous,no,no,3005,11.1,198.5,yes,11.55229735,56.2,0.286311166,1,yes,yes
Liolaemus_curis,Liolaemidae,,Viviparous,no,no,,,,,,86.4,0.457572717,1,,no
Liolaemus_cuyanus,Liolaemidae,,Oviparous,no,no,896,16.6,176,yes,1.002212048,78.5,0.200620987,1,yes,no
Liolaemus_cuyumhue,Liolaemidae,,Oviparous,no,no,255,14.95,148.5,no,1.187610626,55.3,0.274833819,0,no,no
Liolaemus_cyanogaster,Liolaemidae,,Viviparous,no,no,125.5,11.2,1885.5,no,5.778816223,59.8,0.254256538,1,no,no
Liolaemus_darwinii,Liolaemidae,,Oviparous,no,no,601,14.8,227,yes,1.435226917,55.3,0.62701091,1,yes,no
Liolaemus_dicktracyi,Liolaemidae,,Viviparous,no,no,2816,10.05,202.5,yes,20.68963337,,0.372864296,1,yes,no
Liolaemus_donosobarrosi,Liolaemidae,,Oviparous,no,no,1048,12.05,180,yes,1.403840542,,0.401158865,1,yes,no
Liolaemus_dorbignyi,Liolaemidae,,Viviparous,no,no,3209,10.3,126,yes,6.180075645,72.9,0.232822532,1,no,no
Liolaemus_eleodori,Liolaemidae,,Viviparous,,no,3413,4.65,115,yes,9.92917347,62.4,0.465446385,1,yes,no
Liolaemus_elongatus,Liolaemidae,,Viviparous,no,no,1190,8.3,541,yes,7.427116394,75.8,0.267381925,1,yes,no
Liolaemus_escarchadosi,Liolaemidae,,Viviparous,no,no,374.5,6.9,174,no,1.858862698,79.6,0.661867956,0,no,no
Liolaemus_espinozai,Liolaemidae,,Oviparous,no,no,2469,13.6,204,yes,2.690243721,56.5,0.330352773,1,no,no
Liolaemus_fabiani,Liolaemidae,,Viviparous,no,no,2323.5,13.9,45,yes,0.591688216,68.5,0.35949203,1,yes,no
Liolaemus_famatinae,Liolaemidae,,Viviparous,no,no,3374.5,7.75,207,yes,38.37799454,48.9,0.31934888,1,yes,no
Liolaemus_fitzingerii,Liolaemidae,,Oviparous,no,no,302,10.8,194,no,1.611562729,84.4,0.455688291,1,no,no
Liolaemus_fuscus,Liolaemidae,,Oviparous,no,no,761.5,13.65,408,yes,18.18415356,43,0.141308129,1,yes,no
Liolaemus_gallardoi,Liolaemidae,,Viviparous,no,no,790.5,7.85,177,yes,5.892847657,80.5,0.533573677,1,yes,no
Liolaemus_goetschi,Liolaemidae,,Oviparous,no,no,407,13.65,201.5,no,1.864002407,68.7,0.748553177,1,no,no
Liolaemus_gracilis,Liolaemidae,,Oviparous,no,no,650,13.75,242,yes,1.27874732,50.3,0.39817447,1,yes,no
Liolaemus_gravenhorstii,Liolaemidae,,Viviparous,no,no,621,13.25,535,yes,12.89549494,57.1,0.413265588,1,yes,no
Liolaemus_grosseorum,Liolaemidae,,Oviparous,no,no,682,14,248,yes,1.171554804,49.4,0.368193053,1,yes,no
Liolaemus_gununakuna,Liolaemidae,,Viviparous,no,no,722.5,11.8,173.5,yes,3.431311488,85,0.208162095,0,no,no
Liolaemus_hatcheri,Liolaemidae,,Viviparous,no,no,915,5.4,222,yes,1.669444084,57.1,0.13058752,1,yes,yes
Liolaemus_heliodermis,Liolaemidae,,Viviparous,no,no,,,,,,76.1,0.303560593,1,,no
Liolaemus_hermannunezi,Liolaemidae,,Oviparous,no,no,,,,,,,0.289125638,1,,no
Liolaemus_huacahuasicus,Liolaemidae,,Viviparous,no,no,79,19.6,851,no,0.113207497,61.6,0.200854265,1,no,yes
Liolaemus_inacayali,Liolaemidae,,,no,no,916,9.6,205,yes,3.04097724,,0.378725796,1,yes,no
Liolaemus_incaicus,Liolaemidae,,,,no,3167,12.1,598,yes,27.86248779,52.8,0.255335917,1,no,
Liolaemus_irregularis,Liolaemidae,,Viviparous,no,no,3427.5,9.15,139,yes,3.742461205,72.2,0.577954061,1,yes,no
Liolaemus_isabelae,Liolaemidae,,Viviparous,no,no,,,,,,69.5,0.34120992,1,,no
Liolaemus_jamesi,Liolaemidae,,Viviparous,no,no,4129,4.2,73,yes,12.05268764,87.5,0.370449222,1,yes,yes
Liolaemus_josei,Liolaemidae,,,,no,1615.5,10.45,342.5,yes,3.864466429,,0.367600529,1,yes,
Liolaemus_kingii,Liolaemidae,,Viviparous,no,no,453,9.2,212,no,2.80203104,80.5,0.229620253,1,no,no
Liolaemus_kolengh,Liolaemidae,,Viviparous,no,no,1372,3.4,294,yes,5.864638567,62.4,0.303327679,1,yes,no
Liolaemus_koslowskyi,Liolaemidae,,Oviparous,no,no,1546,16.2,159,yes,2.052116394,59.8,0.208011253,1,yes,no
Liolaemus_kriegi,Liolaemidae,,Viviparous,no,no,1220,7.9,583,yes,4.833055496,99.8,0.339007912,1,yes,no
Liolaemus_laurenti,Liolaemidae,,Oviparous,no,no,1113,15.6,243.5,yes,1.377020299,52.1,0.625430245,1,yes,no
Liolaemus_lavillai,Liolaemidae,,Viviparous,no,no,3268,9.7,145,yes,7.386502743,57.2,0.285146806,1,yes,no
Liolaemus_lemniscatus,Liolaemidae,,Oviparous,no,no,740,13,583,yes,13.32058573,46.2,0.12523927,1,yes,no
Liolaemus_lentus,Liolaemidae,,,no,no,670,15.25,166.5,yes,0.729327112,67.9,0.383993966,1,yes,
Liolaemus_leopardinus,Liolaemidae,,Viviparous,no,no,2651,6.2,480.5,yes,38.42960548,87.3,0.460920071,1,yes,no
Liolaemus_lineomaculatus,Liolaemidae,,Viviparous,no,no,1562,5.4,757,yes,14.73509312,55.5,0.246907385,1,yes,yes
Liolaemus_loboi,Liolaemidae,,,no,no,867.5,8.3,703,yes,2.11027807,,0.49993384,1,yes,no
Liolaemus_lutzae,Liolaemidae,,Oviparous,no,no,12,23,1104.5,no,1.712837458,60.8,0.191915917,0,no,yes
Liolaemus_magellanicus,Liolaemidae,,Viviparous,no,no,160.5,6.3,255.5,no,1.034421325,59.1,0.113076829,1,no,no
Liolaemus_mapuche,Liolaemidae,,,no,no,663,12.4,156,yes,2.486555099,,0.395298479,1,yes,no
Liolaemus_martorii,Liolaemidae,,Oviparous,,no,19,15.3,245,no,1.911639273,,0.577512652,1,no,no
Liolaemus_melanops,Liolaemidae,,Oviparous,no,no,180,13.2,195,no,1.888113439,70.3,0.589108588,1,no,no
Liolaemus_molinai,Liolaemidae,,,no,no,,,,,,,0.257497259,1,,yes
Liolaemus_monticola,Liolaemidae,,Oviparous,no,no,1118.5,12,511.5,yes,20.93451405,66,0.171703219,1,yes,no
Liolaemus_morandae,Liolaemidae,,Viviparous,no,no,,,,,,57,0.360856156,1,,
Liolaemus_morenoi,Liolaemidae,,Oviparous,no,no,957,12.2,267,yes,7.823344707,77.8,0.538006355,1,yes,no
Liolaemus_multicolor,Liolaemidae,,Viviparous,no,no,3721,8,143,yes,7.417090893,74.8,0.263966823,1,no,no
Liolaemus_multimaculatus,Liolaemidae,,Oviparous,no,no,13,14.4,874,no,0.321894094,59.8,0.489188197,0,no,no
Liolaemus_neuquensis,Liolaemidae,,Viviparous,no,no,1616,7.7,1070,yes,1.98150897,,0.141388687,1,yes,
Liolaemus_nigromaculatus,Liolaemidae,,Oviparous,no,no,199.5,16.4,36,no,4.745544672,62.5,0.138729932,1,no,no
Liolaemus_nigroviridis,Liolaemidae,,Viviparous,no,no,2381,7.5,492,yes,27.73651695,61.5,0.141860379,1,yes,no
Liolaemus_nitidus,Liolaemidae,,Oviparous,no,no,547,14.1,462,no,16.064991,83,0.14449914,1,no,yes
Liolaemus_occipitalis,Liolaemidae,,Oviparous,no,no,4.5,18.8,1484,no,0.755960315,53.2,0.171802548,0,no,no
Liolaemus_olongasta,Liolaemidae,,Oviparous,no,no,1051,16.4,123,yes,1.063895762,57.7,0.269586085,1,yes,no
Liolaemus_orientalis,Liolaemidae,,Viviparous,no,no,4571.5,4.5,151.5,yes,8.42302084,,0.130204875,1,yes,yes
Liolaemus_ornatus,Liolaemidae,,Viviparous,no,no,3453,9.9,206,yes,3.53772974,62.7,0.363593282,1,yes,no
Liolaemus_pachacutec,Liolaemidae,,Viviparous,,no,4110,6.4,740,yes,15.02660465,,0.178454857,1,yes,
Liolaemus_pagaburoi,Liolaemidae,,Viviparous,no,no,,,,,,51.2,0.146953613,1,,no
Liolaemus_paulinae,Liolaemidae,,Viviparous,no,no,2315,13,28,yes,2.763739824,40,0.312843236,1,yes,no
Liolaemus_petrophilus,Liolaemidae,,Viviparous,no,no,913.5,9.55,185,yes,3.345741272,80.9,0.176994288,1,yes,no
Liolaemus_pictus,Liolaemidae,,Viviparous,no,no,779.5,8.5,1632,yes,10.28292465,60,0.21364848,1,yes,no
Liolaemus_platei,Liolaemidae,,Oviparous,no,no,448,14.9,79,no,13.26750278,47.7,0.202055283,1,no,no
Liolaemus_pseudoanomalus,Liolaemidae,,Oviparous,no,no,997.5,16.3,121,yes,6.456065536,56.3,0.375968385,1,yes,no
Liolaemus_pseudolemniscatus,Liolaemidae,,Oviparous,no,no,557.5,14.55,157,no,16.75440741,45,0.131121481,1,no,no
Liolaemus_puelche,Liolaemidae,,,no,no,1461,10.3,286,yes,12.32888746,74,0.332568694,1,yes,
Liolaemus_puna,Liolaemidae,,Viviparous,no,no,4085,5.35,57,yes,9.446794033,45.2,0.41042246,1,yes,yes
Liolaemus_punmahuida,Liolaemidae,,Viviparous,no,no,,,,,,86.2,0.108544371,0,,no
Liolaemus_quilmes,Liolaemidae,,Oviparous,no,no,2152,14.6,212.5,yes,7.32712841,55.1,0.387017976,1,yes,no
Liolaemus_ramirezae,Liolaemidae,,Oviparous,no,no,2841,11.3,233,yes,9.542535782,51.7,0.351249839,1,yes,no
Liolaemus_riojanus,Liolaemidae,,Oviparous,no,no,562,18.4,226.5,no,0.216752246,50.9,0.499131394,1,no,no
Liolaemus_robertmertensi,Liolaemidae,,Oviparous,no,no,1026.5,18.2,237,yes,0.288414873,49.6,0.23513471,1,yes,no
Liolaemus_rothi,Liolaemidae,,Oviparous,no,no,1102,8.2,441,yes,5.772232056,86,0.241388311,1,yes,no
Liolaemus_ruibali,Liolaemidae,,Viviparous,no,no,2647.5,6.55,225,yes,8.644730568,56.8,0.278495256,1,yes,no
Liolaemus_sagei,Liolaemidae,,Oviparous,no,no,1087,9,324,yes,1.795869112,85,0.246401742,0,no,no
Liolaemus_salinicola,Liolaemidae,,Oviparous,no,no,,,,,,57.6,0.200573069,1,,no
Liolaemus_sarmientoi,Liolaemidae,,Viviparous,no,no,189.5,6.15,242.5,no,1.943999767,80.2,0.511380849,1,no,no
Liolaemus_saxatilis,Liolaemidae,,Oviparous,no,no,986.5,15.15,650,yes,5.677541852,55.1,0.405609767,1,yes,no
Liolaemus_scapularis,Liolaemidae,,Oviparous,no,no,1873,15.5,206,yes,1.193384051,54.5,0.199882042,1,yes,no
Liolaemus_schroederi,Liolaemidae,,Viviparous,no,no,451,12.3,866,no,15.77562332,59.9,0.41978399,1,no,no
Liolaemus_scolaroi,Liolaemidae,,Viviparous,no,no,872,5.4,399.5,yes,27.48206735,61.9,0.895224577,1,yes,no
Liolaemus_senguer,Liolaemidae,,,,no,583,9.2,175,no,0.534782887,,0.216162099,0,no,no
Liolaemus_silvanae,Liolaemidae,,Viviparous,no,no,1390,3.5,245,yes,2.154880702,72.7,0.300489448,1,yes,yes
Liolaemus_sitesi,Liolaemidae,,Oviparous,no,no,1653,9.3,167,yes,18.15585136,66.4,0.249064712,0,no,no
Liolaemus_somuncurae,Liolaemidae,,Viviparous,no,no,,,,,,73.7,0.25088174,1,,no
Liolaemus_stolzmanni,Liolaemidae,,Oviparous,no,no,997,16.5,6,yes,9.339221954,,0.34675699,1,yes,no
Liolaemus_tacnae,Liolaemidae,,,no,no,3587,9,176.5,yes,27.07017231,,0.1009437,1,yes,
Liolaemus_talampaya,Liolaemidae,,Viviparous,no,no,,,,,,74,0.385275517,1,,
Liolaemus_tari,Liolaemidae,,Viviparous,no,no,,,,,,84.3,0.671920954,1,,no
Liolaemus_tehuelche,Liolaemidae,,,,no,1283,9.1,343,yes,4.338353634,,0.385849004,1,yes,no
Liolaemus_telsen,Liolaemidae,,Oviparous,no,no,561,11.4,179,no,2.743571758,,0.356898293,1,no,no
Liolaemus_tenuis,Liolaemidae,,Oviparous,yes,no,583,12.3,824,no,11.18618011,53.4,0.080887904,1,no,no
Liolaemus_thermarum,Liolaemidae,,Viviparous,no,no,2822.5,4.05,724,yes,24.88616133,,0.327156142,1,yes,no
Liolaemus_torresi,Liolaemidae,,Viviparous,no,no,1182.5,16.1,3,yes,2.289178908,58.6,0.28881776,1,yes,no
Liolaemus_tregenzai,Liolaemidae,,Viviparous,no,no,1959,7.4,1001,yes,39.54822159,71.4,0.347798245,1,yes,yes
Liolaemus_tristis,Liolaemidae,,Viviparous,no,no,,,,,,72.9,1.00605044,1,,no
Liolaemus_tromen,Liolaemidae,,,no,no,1442,8.6,672,yes,10.18386078,,0.514740995,0,no,
Liolaemus_umbrifer,Liolaemidae,,Viviparous,no,no,3395,9.35,107.5,yes,4.219631433,,0.560454661,1,yes,no
Liolaemus_uptoni,Liolaemidae,,Viviparous,no,no,,,,,,75.7,0.229196978,1,,no
Liolaemus_uspallatensis,Liolaemidae,,Oviparous,no,no,2338,8.5,191,yes,5.338997841,60.8,0.187659729,1,yes,no
Liolaemus_vallecurensis,Liolaemidae,,Viviparous,no,no,,,,,,57.5,0.46100618,1,,no
Liolaemus_walkeri,Liolaemidae,,Viviparous,no,no,4002.5,5.6,734,yes,20.43252087,45,0.152628932,1,yes,no
Liolaemus_wari,Liolaemidae,,Viviparous,no,no,4072,6.8,854,yes,18.16490173,,0.237975446,1,yes,
Liolaemus_wiegmannii,Liolaemidae,,Oviparous,no,no,369,16.1,528,no,1.269825816,51.7,0.262235687,1,no,no
Liolaemus_xanthoviridis,Liolaemidae,,Viviparous,no,no,219,12.2,183,no,2.457992315,77.8,0.437917293,1,no,no
Liolaemus_yanalcu,Liolaemidae,,Oviparous,no,no,,,,,,48,0.341636874,1,,no
Liolaemus_zapallarensis,Liolaemidae,,Oviparous,no,no,35,15.1,130,no,8.908842564,86.4,0.161122995,1,no,no
Liolaemus_zullyae,Liolaemidae,,Viviparous,no,no,804.5,5.65,353,yes,7.481762648,65.3,0.930470026,1,yes,no
Phymaturus_antofagastensis,Liolaemidae,,Viviparous,no,no,3329,9.9,62,yes,5.625835419,88.9,0.640410464,1,yes,yes
Phymaturus_calcogaster,Liolaemidae,,Viviparous,no,no,662.5,10.8,177,yes,3.61790204,80,0.523896622,1,yes,yes
Phymaturus_ceii,Liolaemidae,,Viviparous,,no,1087,9.1,164,yes,2.599830389,88,1.021706972,1,yes,yes
Phymaturus_delheyi,Liolaemidae,,Viviparous,no,no,1804,8.6,337,yes,7.198315144,89.5,0.198829575,0,no,no
Phymaturus_etheridgei,Liolaemidae,,,no,no,1012,8.6,206,yes,2.765160084,,0.68990067,1,yes,
Phymaturus_extrilidus,Liolaemidae,,Viviparous,no,no,3149,4.6,167,yes,17.45286179,98.2,0.616136924,1,yes,yes
Phymaturus_felixi,Liolaemidae,,Viviparous,no,no,726,9.2,146,yes,8.015745163,,0.416053719,0,no,
Phymaturus_indistinctus,Liolaemidae,,Viviparous,no,no,586,9.35,151,no,3.586882591,,0.741334119,0,no,no
Phymaturus_laurenti,Liolaemidae,,Viviparous,no,no,3146,10,129,yes,28.54720116,86.1,0.833848008,1,yes,
Phymaturus_mallimaccii,Liolaemidae,,Viviparous,,no,3772,6.1,206,yes,23.49322891,95.3,0.861654576,1,yes,yes
Phymaturus_manuelae,Liolaemidae,,Viviparous,no,no,986,8.6,353.5,yes,10.40251732,93.2,0.525941954,1,yes,yes
Phymaturus_nevadoi,Liolaemidae,,Viviparous,no,no,1863,9.4,243,yes,2.741061926,,0.625607877,1,yes,yes
Phymaturus_palluma,Liolaemidae,,Viviparous,no,no,2596,6.4,303,yes,19.10703278,94.5,0.666581207,1,yes,yes
Phymaturus_patagonicus,Liolaemidae,,Viviparous,no,no,900,9.3,242,yes,1.023529649,93.1,0.338184193,1,yes,yes
Phymaturus_payuniae,Liolaemidae,,Viviparous,no,no,2123.5,7.65,275.5,yes,5.136033177,84.2,0.627420174,1,yes,yes
Phymaturus_punae,Liolaemidae,,Viviparous,no,no,3489,4.2,107,yes,10.40031147,93.1,0.590288612,1,yes,yes
Phymaturus_querque,Liolaemidae,,Viviparous,no,no,1321.5,9.1,311,yes,2.577755809,,0.171447071,0,no,
Phymaturus_roigorum,Liolaemidae,,Viviparous,no,no,2169.5,6.85,290,yes,9.517080069,96.5,0.41038797,1,yes,yes
Phymaturus_sitesi,Liolaemidae,,Viviparous,no,no,1047,11.8,140,yes,10.08976078,87.3,0.342278576,0,no,yes
Phymaturus_somuncurensis,Liolaemidae,,Viviparous,no,no,1048,9.3,191,yes,2.02349472,83.6,1.069823219,1,yes,yes
Phymaturus_spurcus,Liolaemidae,,Viviparous,no,no,1034,8.3,264,yes,8.674376488,,1.459131341,1,yes,yes
Phymaturus_tenebrosus,Liolaemidae,,Viviparous,no,no,1000,7.8,585,yes,10.22359467,98.3,0.390933718,1,yes,yes
Phymaturus_verdugo,Liolaemidae,,Viviparous,no,no,2084.5,7.1,583,yes,16.15655756,,0.668071411,1,yes,yes
Phymaturus_videlai,Liolaemidae,,Viviparous,no,no,750,8.6,137.5,yes,4.026869297,82.1,0.77461734,0,no,yes
Phymaturus_vociferator,Liolaemidae,,Viviparous,no,no,1485,7.2,1184,yes,22.18915367,75.6,0.118678301,1,yes,yes
Phymaturus_zapalensis,Liolaemidae,,Viviparous,no,no,1299,9.1,340,yes,6.042438507,87.6,0.167286871,0,no,no
Enyalioides_azulae,Hoplocercidae,,,no,no,,,,,,,0.100183002,1,,
Enyalioides_binzayedi,Hoplocercidae,,,,no,,,,,,,0.135654598,1,,
Enyalioides_cofanorum,Hoplocercidae,,Oviparous,no,no,238,25.4,2881,no,1.797713995,104,0.200225071,0,no,no
Enyalioides_heterolepis,Hoplocercidae,,Oviparous,no,no,256,24.5,2936,no,8.946852207,,0.055524837,1,no,no
Enyalioides_laticeps,Hoplocercidae,,Oviparous,no,no,247,25.3,3116,no,3.065663815,114.6,0.056031443,0,no,no
Enyalioides_microlepis,Hoplocercidae,,,no,no,567.5,23.35,2695,no,14.496912,,0.198711423,1,no,
Enyalioides_oshaughnessyi,Hoplocercidae,,,yes,no,400,24,2595,no,9.792405128,,0.046710053,1,no,
Enyalioides_palpebralis,Hoplocercidae,,Oviparous,no,no,257,25.4,2033,no,3.499513388,98.3,0.102212103,0,no,no
Enyalioides_praestabilis,Hoplocercidae,,,yes,no,1313,20.3,3456,yes,11.8988657,,0.119456959,1,yes,
Enyalioides_rubrigularis,Hoplocercidae,,,no,no,1335,20.8,2286,yes,22.51601124,,0.085877842,1,yes,
Enyalioides_rudolfarndti,Hoplocercidae,,,yes,no,,,,,,,0.137374256,1,,
Hoplocercus_spinosus,Hoplocercidae,,Oviparous,no,no,237.5,25.85,1783.5,no,2.578874588,,0.023565833,0,no,no
Morunasaurus_annularis,Hoplocercidae,,Oviparous,no,no,579,23.4,3786.5,no,6.1686306,105.7,0.084702522,1,no,
Chalarodon_madagascariensis,Opluridae,,Oviparous,no,yes,24.5,24.3,436,no,1.238263845,61.3,0.027958444,0,no,no
Oplurus_cuvieri,Opluridae,,Oviparous,no,yes,91,26,1401,no,3.065327883,129.1,0.039467356,0,no,no
Oplurus_cyclurus,Opluridae,,Oviparous,yes,yes,59,24.3,458,no,1.394760489,92,0.039467356,0,no,no
Oplurus_fierinensis,Opluridae,,Oviparous,no,yes,15,24.3,383,no,6.229614258,83.8,0.074073168,0,no,
Oplurus_grandidieri,Opluridae,,Oviparous,no,yes,949,19.75,1035,yes,10.96291828,93.2,0.074073168,0,no,
Oplurus_quadrimaculatus,Opluridae,,Oviparous,no,yes,888,21.4,793.5,yes,6.348970652,112.2,0.030064062,0,no,no
Oplurus_saxicola,Opluridae,,Oviparous,no,yes,198,23.8,680,no,2.708693981,91,0.044616287,0,no,
Anisolepis_grilli,Leiosauridae,,Oviparous,yes,no,729,17.8,1731,yes,4.530289173,82.8,0.087793883,0,no,
Anisolepis_longicauda,Leiosauridae,,,yes,no,300,21.5,1587,no,3.886940956,,0.095684256,0,no,
Diplolaemus_darwinii,Leiosauridae,,Oviparous,no,no,1180,7.6,474,yes,8.712873459,94.5,0.105413509,1,yes,no
Enyalius_bibronii,Leiosauridae,,Oviparous,no,no,500,23.3,1085,no,2.246638417,105.5,0.089780026,0,no,no
Enyalius_bilineatus,Leiosauridae,,Oviparous,no,no,770,20.2,1310,yes,14.32619286,77.7,0.053810459,0,no,no
Enyalius_boulengeri,Leiosauridae,,,no,no,707,20.65,1289.5,yes,13.0110755,112.8,0.055802698,0,no,no
Enyalius_brasiliensis,Leiosauridae,,Oviparous,no,no,555,21.4,1285,no,18.78982925,86.9,0.074870838,0,no,no
Enyalius_catenatus,Leiosauridae,,Oviparous,no,no,96,23.6,1322,no,5.084209919,92.9,0.09805868,0,no,no
Enyalius_erythroceneus,Leiosauridae,,,no,no,,,,,,,0.089780026,0,,
Enyalius_iheringii,Leiosauridae,,Oviparous,no,no,229,19,1577,no,14.29768562,106,0.055802698,0,no,no
Enyalius_leechii,Leiosauridae,,Oviparous,no,no,345,24.5,1935.5,no,1.911965728,105,0.040110907,0,no,no
Enyalius_perditus,Leiosauridae,,Oviparous,no,no,854.5,18.35,1518,yes,9.604102135,79.3,0.074870838,0,no,no
Enyalius_pictus,Leiosauridae,,,no,no,427,21.2,1121,no,8.334259272,111,0.09805868,0,no,
Leiosaurus_bellii,Leiosauridae,,Oviparous,no,no,571,12.1,225,no,1.580218554,65,0.083104336,1,no,no
Leiosaurus_catamarcensis,Leiosauridae,,Oviparous,no,no,1404,15.4,202,yes,8.478492975,93.5,0.110181807,1,yes,no
Leiosaurus_paronae,Leiosauridae,,Oviparous,no,no,512,16.9,571,no,0.964607,79,0.111394503,1,no,no
Pristidactylus_scapulatus,Leiosauridae,,Oviparous,no,no,2316.5,7,217,yes,10.01808071,90.8,0.07960688,1,yes,no
Pristidactylus_torquatus,Leiosauridae,,Oviparous,yes,no,1234,9.25,1067,yes,14.09005356,95,0.097180075,1,yes,no
Urostrophus_gallardoi,Leiosauridae,,Oviparous,yes,no,499,18.85,709.5,no,1.648565233,,0.035632484,1,no,no
Urostrophus_vautieri,Leiosauridae,,Oviparous,yes,no,823,18.2,1536,yes,11.54153442,76.4,0.045845179,0,no,
Polychrus_acutirostris,Polychrotidae,,Oviparous,yes,no,463.5,23.1,1407,no,3.291106105,116.3,0.034272858,0,no,no
Polychrus_femoralis,Polychrotidae,,Oviparous,yes,no,348,23.7,450,no,17.80353928,,0.057203341,1,no,
Polychrus_gutturosus,Polychrotidae,,Oviparous,yes,no,462.5,25,2928,no,11.0587182,147.5,0.041387453,1,no,no
Polychrus_marmoratus,Polychrotidae,,Oviparous,no,no,256.5,25.3,1783,no,3.785216331,121.9,0.058568587,0,no,no